-- MySQL dump 10.13  Distrib 8.0.19, for Linux (x86_64)
--
-- Host: localhost    Database: lutece
-- ------------------------------------------------------
-- Server version	8.0.19

/*!40101 SET @OLD_CHARACTER_SET_CLIENT=@@CHARACTER_SET_CLIENT */;
/*!40101 SET @OLD_CHARACTER_SET_RESULTS=@@CHARACTER_SET_RESULTS */;
/*!40101 SET @OLD_COLLATION_CONNECTION=@@COLLATION_CONNECTION */;
/*!50503 SET NAMES utf8mb4 */;
/*!40103 SET @OLD_TIME_ZONE=@@TIME_ZONE */;
/*!40103 SET TIME_ZONE='+00:00' */;
/*!40014 SET @OLD_UNIQUE_CHECKS=@@UNIQUE_CHECKS, UNIQUE_CHECKS=0 */;
/*!40014 SET @OLD_FOREIGN_KEY_CHECKS=@@FOREIGN_KEY_CHECKS, FOREIGN_KEY_CHECKS=0 */;
/*!40101 SET @OLD_SQL_MODE=@@SQL_MODE, SQL_MODE='NO_AUTO_VALUE_ON_ZERO' */;
/*!40111 SET @OLD_SQL_NOTES=@@SQL_NOTES, SQL_NOTES=0 */;

--
-- Table structure for table `appointment_appointment`
--

DROP TABLE IF EXISTS `appointment_appointment`;
/*!40101 SET @saved_cs_client     = @@character_set_client */;
/*!50503 SET character_set_client = utf8mb4 */;
CREATE TABLE `appointment_appointment` (
  `id_appointment` int NOT NULL AUTO_INCREMENT,
  `reference` varchar(45) COLLATE utf8_unicode_ci DEFAULT NULL,
  `nb_places` int NOT NULL DEFAULT '0',
  `is_cancelled` tinyint(1) NOT NULL DEFAULT '0',
  `id_action_cancelled` int DEFAULT NULL,
  `notification` int NOT NULL DEFAULT '0',
  `id_admin_user` int DEFAULT '0',
  `date_appointment_create` timestamp NOT NULL DEFAULT CURRENT_TIMESTAMP,
  `admin_access_code_create` varchar(100) COLLATE utf8_unicode_ci DEFAULT NULL,
  `id_user` int NOT NULL,
  `id_slot` int NOT NULL,
  PRIMARY KEY (`id_appointment`,`id_user`,`id_slot`),
  KEY `fk_appointment_appointment_appointment_user_idx` (`id_user`),
  KEY `fk_appointment_appointment_appointment_slot_idx` (`id_slot`),
  KEY `reference_idx` (`reference`),
  CONSTRAINT `fk_appointment_appointment_appointment_slot` FOREIGN KEY (`id_slot`) REFERENCES `appointment_slot` (`id_slot`) ON DELETE CASCADE,
  CONSTRAINT `fk_appointment_appointment_appointment_user` FOREIGN KEY (`id_user`) REFERENCES `appointment_user` (`id_user`) ON DELETE CASCADE
) ENGINE=InnoDB DEFAULT CHARSET=utf8 COLLATE=utf8_unicode_ci;
/*!40101 SET character_set_client = @saved_cs_client */;

--
-- Dumping data for table `appointment_appointment`
--

LOCK TABLES `appointment_appointment` WRITE;
/*!40000 ALTER TABLE `appointment_appointment` DISABLE KEYS */;
/*!40000 ALTER TABLE `appointment_appointment` ENABLE KEYS */;
UNLOCK TABLES;

--
-- Table structure for table `appointment_appointment_response`
--

DROP TABLE IF EXISTS `appointment_appointment_response`;
/*!40101 SET @saved_cs_client     = @@character_set_client */;
/*!50503 SET character_set_client = utf8mb4 */;
CREATE TABLE `appointment_appointment_response` (
  `id_appointment_response` int NOT NULL AUTO_INCREMENT,
  `id_response` int NOT NULL,
  `id_appointment` int NOT NULL,
  PRIMARY KEY (`id_appointment_response`,`id_response`,`id_appointment`),
  UNIQUE KEY `unique_index` (`id_appointment`,`id_response`),
  KEY `fk_appointment_appointment_response_appointment_appointment_idx` (`id_appointment`),
  CONSTRAINT `fk_appointment_appointment_response_appointment_appointment` FOREIGN KEY (`id_appointment`) REFERENCES `appointment_appointment` (`id_appointment`) ON DELETE CASCADE
) ENGINE=InnoDB DEFAULT CHARSET=utf8 COLLATE=utf8_unicode_ci;
/*!40101 SET character_set_client = @saved_cs_client */;

--
-- Dumping data for table `appointment_appointment_response`
--

LOCK TABLES `appointment_appointment_response` WRITE;
/*!40000 ALTER TABLE `appointment_appointment_response` DISABLE KEYS */;
/*!40000 ALTER TABLE `appointment_appointment_response` ENABLE KEYS */;
UNLOCK TABLES;

--
-- Table structure for table `appointment_calendar_template`
--

DROP TABLE IF EXISTS `appointment_calendar_template`;
/*!40101 SET @saved_cs_client     = @@character_set_client */;
/*!50503 SET character_set_client = utf8mb4 */;
CREATE TABLE `appointment_calendar_template` (
  `id_calendar_template` int NOT NULL AUTO_INCREMENT,
  `title` varchar(255) COLLATE utf8_unicode_ci NOT NULL,
  `description` varchar(255) COLLATE utf8_unicode_ci NOT NULL,
  `template_path` varchar(255) COLLATE utf8_unicode_ci NOT NULL,
  PRIMARY KEY (`id_calendar_template`)
) ENGINE=InnoDB AUTO_INCREMENT=5 DEFAULT CHARSET=utf8 COLLATE=utf8_unicode_ci;
/*!40101 SET character_set_client = @saved_cs_client */;

--
-- Dumping data for table `appointment_calendar_template`
--

LOCK TABLES `appointment_calendar_template` WRITE;
/*!40000 ALTER TABLE `appointment_calendar_template` DISABLE KEYS */;
INSERT INTO `appointment_calendar_template` VALUES (1,'Calendrier','Calendrier des cr??neaux disponibles et indisponibles','skin/plugins/appointment/calendar/appointment_form_calendar.html'),(2,'Calendrier jours ouverts','Calendrier des cr??neaux disponibles et indisponibles (jours ouverts)','skin/plugins/appointment/calendar/appointment_form_calendar_opendays.html'),(3,'Liste des creneaux disponibles','Liste des cr??neaux disponibles','skin/plugins/appointment/calendar/appointment_form_list_open_slots.html'),(4,'Liste des creneaux disponibles jours ouverts','Liste des cr??neaux disponibles (jours ouverts)','skin/plugins/appointment/calendar/appointment_form_list_open_slots_opendays.html');
/*!40000 ALTER TABLE `appointment_calendar_template` ENABLE KEYS */;
UNLOCK TABLES;

--
-- Table structure for table `appointment_category`
--

DROP TABLE IF EXISTS `appointment_category`;
/*!40101 SET @saved_cs_client     = @@character_set_client */;
/*!50503 SET character_set_client = utf8mb4 */;
CREATE TABLE `appointment_category` (
  `id_category` int NOT NULL AUTO_INCREMENT,
  `label` varchar(255) COLLATE utf8_unicode_ci NOT NULL,
  PRIMARY KEY (`id_category`),
  UNIQUE KEY `unique_label` (`label`)
) ENGINE=InnoDB DEFAULT CHARSET=utf8 COLLATE=utf8_unicode_ci;
/*!40101 SET character_set_client = @saved_cs_client */;

--
-- Dumping data for table `appointment_category`
--

LOCK TABLES `appointment_category` WRITE;
/*!40000 ALTER TABLE `appointment_category` DISABLE KEYS */;
/*!40000 ALTER TABLE `appointment_category` ENABLE KEYS */;
UNLOCK TABLES;

--
-- Table structure for table `appointment_closing_day`
--

DROP TABLE IF EXISTS `appointment_closing_day`;
/*!40101 SET @saved_cs_client     = @@character_set_client */;
/*!50503 SET character_set_client = utf8mb4 */;
CREATE TABLE `appointment_closing_day` (
  `id_closing_day` int NOT NULL AUTO_INCREMENT,
  `date_of_closing_day` date NOT NULL,
  `id_form` int NOT NULL,
  PRIMARY KEY (`id_closing_day`,`id_form`),
  UNIQUE KEY `unique_index` (`id_form`,`date_of_closing_day`),
  KEY `fk_appointment_closing_day_appointment_form_idx` (`id_form`),
  KEY `date_of_closing_day` (`date_of_closing_day`),
  CONSTRAINT `fk_appointment_closing_day_appointment_form` FOREIGN KEY (`id_form`) REFERENCES `appointment_form` (`id_form`) ON DELETE CASCADE
) ENGINE=InnoDB DEFAULT CHARSET=utf8 COLLATE=utf8_unicode_ci;
/*!40101 SET character_set_client = @saved_cs_client */;

--
-- Dumping data for table `appointment_closing_day`
--

LOCK TABLES `appointment_closing_day` WRITE;
/*!40000 ALTER TABLE `appointment_closing_day` DISABLE KEYS */;
/*!40000 ALTER TABLE `appointment_closing_day` ENABLE KEYS */;
UNLOCK TABLES;

--
-- Table structure for table `appointment_display`
--

DROP TABLE IF EXISTS `appointment_display`;
/*!40101 SET @saved_cs_client     = @@character_set_client */;
/*!50503 SET character_set_client = utf8mb4 */;
CREATE TABLE `appointment_display` (
  `id_display` int NOT NULL AUTO_INCREMENT,
  `display_title_fo` tinyint(1) NOT NULL DEFAULT '0',
  `icon_form_content` mediumblob,
  `icon_form_mime_type` varchar(255) COLLATE utf8_unicode_ci DEFAULT NULL,
  `nb_weeks_to_display` int NOT NULL DEFAULT '0',
  `is_displayed_on_portlet` tinyint(1) NOT NULL DEFAULT '1',
  `id_calendar_template` int NOT NULL,
  `id_form` int NOT NULL,
  PRIMARY KEY (`id_display`,`id_calendar_template`,`id_form`),
  UNIQUE KEY `unique_index` (`id_form`),
  KEY `fk_appointment_display_appointment_calendar_template_idx` (`id_calendar_template`),
  KEY `fk_appointment_display_appointment_form_idx` (`id_form`),
  CONSTRAINT `fk_appointment_display_appointment_calendar_template` FOREIGN KEY (`id_calendar_template`) REFERENCES `appointment_calendar_template` (`id_calendar_template`),
  CONSTRAINT `fk_appointment_display_appointment_form` FOREIGN KEY (`id_form`) REFERENCES `appointment_form` (`id_form`) ON DELETE CASCADE
) ENGINE=InnoDB DEFAULT CHARSET=utf8 COLLATE=utf8_unicode_ci;
/*!40101 SET character_set_client = @saved_cs_client */;

--
-- Dumping data for table `appointment_display`
--

LOCK TABLES `appointment_display` WRITE;
/*!40000 ALTER TABLE `appointment_display` DISABLE KEYS */;
/*!40000 ALTER TABLE `appointment_display` ENABLE KEYS */;
UNLOCK TABLES;

--
-- Table structure for table `appointment_form`
--

DROP TABLE IF EXISTS `appointment_form`;
/*!40101 SET @saved_cs_client     = @@character_set_client */;
/*!50503 SET character_set_client = utf8mb4 */;
CREATE TABLE `appointment_form` (
  `id_form` int NOT NULL AUTO_INCREMENT,
  `title` varchar(255) COLLATE utf8_unicode_ci NOT NULL,
  `description` varchar(255) COLLATE utf8_unicode_ci NOT NULL,
  `reference` varchar(255) COLLATE utf8_unicode_ci DEFAULT NULL,
  `id_category` int DEFAULT NULL,
  `starting_validity_date` date DEFAULT NULL,
  `ending_validity_date` date DEFAULT NULL,
  `is_active` tinyint(1) NOT NULL DEFAULT '0',
  `id_workflow` int DEFAULT NULL,
  `workgroup` varchar(255) COLLATE utf8_unicode_ci DEFAULT NULL,
  PRIMARY KEY (`id_form`),
  KEY `starting_validity_date_idx` (`starting_validity_date`),
  KEY `ending_validity_date_idx` (`ending_validity_date`),
  KEY `fk_appointment_form_appointment_category_idx` (`id_category`),
  CONSTRAINT `fk_appointment_form_appointment_category` FOREIGN KEY (`id_category`) REFERENCES `appointment_category` (`id_category`) ON DELETE SET NULL
) ENGINE=InnoDB DEFAULT CHARSET=utf8 COLLATE=utf8_unicode_ci;
/*!40101 SET character_set_client = @saved_cs_client */;

--
-- Dumping data for table `appointment_form`
--

LOCK TABLES `appointment_form` WRITE;
/*!40000 ALTER TABLE `appointment_form` DISABLE KEYS */;
/*!40000 ALTER TABLE `appointment_form` ENABLE KEYS */;
UNLOCK TABLES;

--
-- Table structure for table `appointment_form_message`
--

DROP TABLE IF EXISTS `appointment_form_message`;
/*!40101 SET @saved_cs_client     = @@character_set_client */;
/*!50503 SET character_set_client = utf8mb4 */;
CREATE TABLE `appointment_form_message` (
  `id_form_message` int NOT NULL AUTO_INCREMENT,
  `calendar_title` varchar(255) COLLATE utf8_unicode_ci NOT NULL,
  `field_firstname_title` varchar(255) COLLATE utf8_unicode_ci NOT NULL,
  `field_firstname_help` varchar(255) COLLATE utf8_unicode_ci NOT NULL,
  `field_lastname_title` varchar(255) COLLATE utf8_unicode_ci NOT NULL,
  `field_lastname_help` varchar(255) COLLATE utf8_unicode_ci NOT NULL,
  `field_email_title` varchar(255) COLLATE utf8_unicode_ci NOT NULL,
  `field_email_help` varchar(255) COLLATE utf8_unicode_ci NOT NULL,
  `field_confirmationEmail_title` varchar(255) COLLATE utf8_unicode_ci NOT NULL,
  `field_confirmationEmail_help` varchar(255) COLLATE utf8_unicode_ci NOT NULL,
  `text_appointment_created` text COLLATE utf8_unicode_ci NOT NULL,
  `url_redirect_after_creation` varchar(255) COLLATE utf8_unicode_ci NOT NULL,
  `text_appointment_canceled` text COLLATE utf8_unicode_ci NOT NULL,
  `label_button_redirection` varchar(255) COLLATE utf8_unicode_ci NOT NULL,
  `no_available_slot` varchar(255) COLLATE utf8_unicode_ci NOT NULL,
  `calendar_description` text COLLATE utf8_unicode_ci NOT NULL,
  `calendar_reserve_label` varchar(255) COLLATE utf8_unicode_ci NOT NULL,
  `calendar_full_label` varchar(255) COLLATE utf8_unicode_ci NOT NULL,
  `id_form` int NOT NULL,
  PRIMARY KEY (`id_form_message`,`id_form`),
  KEY `fk_appointment_form_message_appointment_form_idx` (`id_form`),
  CONSTRAINT `fk_appointment_form_message_appointment_form` FOREIGN KEY (`id_form`) REFERENCES `appointment_form` (`id_form`) ON DELETE CASCADE
) ENGINE=InnoDB DEFAULT CHARSET=utf8 COLLATE=utf8_unicode_ci;
/*!40101 SET character_set_client = @saved_cs_client */;

--
-- Dumping data for table `appointment_form_message`
--

LOCK TABLES `appointment_form_message` WRITE;
/*!40000 ALTER TABLE `appointment_form_message` DISABLE KEYS */;
/*!40000 ALTER TABLE `appointment_form_message` ENABLE KEYS */;
UNLOCK TABLES;

--
-- Table structure for table `appointment_form_portlet`
--

DROP TABLE IF EXISTS `appointment_form_portlet`;
/*!40101 SET @saved_cs_client     = @@character_set_client */;
/*!50503 SET character_set_client = utf8mb4 */;
CREATE TABLE `appointment_form_portlet` (
  `id_portlet` int NOT NULL,
  `id_form` int NOT NULL,
  PRIMARY KEY (`id_portlet`,`id_form`),
  KEY `fk_appointment_form_portlet_appointment_form_idx` (`id_form`),
  CONSTRAINT `fk_appointment_form_portlet_appointment_form` FOREIGN KEY (`id_form`) REFERENCES `appointment_form` (`id_form`) ON DELETE CASCADE
) ENGINE=InnoDB DEFAULT CHARSET=utf8 COLLATE=utf8_unicode_ci;
/*!40101 SET character_set_client = @saved_cs_client */;

--
-- Dumping data for table `appointment_form_portlet`
--

LOCK TABLES `appointment_form_portlet` WRITE;
/*!40000 ALTER TABLE `appointment_form_portlet` DISABLE KEYS */;
/*!40000 ALTER TABLE `appointment_form_portlet` ENABLE KEYS */;
UNLOCK TABLES;

--
-- Table structure for table `appointment_form_rule`
--

DROP TABLE IF EXISTS `appointment_form_rule`;
/*!40101 SET @saved_cs_client     = @@character_set_client */;
/*!50503 SET character_set_client = utf8mb4 */;
CREATE TABLE `appointment_form_rule` (
  `id_form_rule` int NOT NULL AUTO_INCREMENT,
  `is_captcha_enabled` tinyint(1) NOT NULL DEFAULT '0',
  `is_mandatory_email_enabled` tinyint(1) NOT NULL DEFAULT '0',
  `is_active_authentication` tinyint(1) NOT NULL DEFAULT '0',
  `nb_days_before_new_appointment` int NOT NULL DEFAULT '0',
  `min_time_before_appointment` int NOT NULL DEFAULT '0',
  `nb_max_appointments_per_user` int NOT NULL DEFAULT '0',
  `nb_days_for_max_appointments_per_user` int NOT NULL DEFAULT '0',
  `id_form` int NOT NULL,
  PRIMARY KEY (`id_form_rule`,`id_form`),
  UNIQUE KEY `unique_index` (`id_form`),
  KEY `fk_appointment_form_rule_appointment_form_idx` (`id_form`),
  CONSTRAINT `fk_appointment_form_rule_appointment_form` FOREIGN KEY (`id_form`) REFERENCES `appointment_form` (`id_form`) ON DELETE CASCADE
) ENGINE=InnoDB DEFAULT CHARSET=utf8 COLLATE=utf8_unicode_ci;
/*!40101 SET character_set_client = @saved_cs_client */;

--
-- Dumping data for table `appointment_form_rule`
--

LOCK TABLES `appointment_form_rule` WRITE;
/*!40000 ALTER TABLE `appointment_form_rule` DISABLE KEYS */;
/*!40000 ALTER TABLE `appointment_form_rule` ENABLE KEYS */;
UNLOCK TABLES;

--
-- Table structure for table `appointment_localization`
--

DROP TABLE IF EXISTS `appointment_localization`;
/*!40101 SET @saved_cs_client     = @@character_set_client */;
/*!50503 SET character_set_client = utf8mb4 */;
CREATE TABLE `appointment_localization` (
  `id_localization` int NOT NULL AUTO_INCREMENT,
  `longitude` float DEFAULT NULL,
  `latitude` float DEFAULT NULL,
  `address` varchar(255) COLLATE utf8_unicode_ci DEFAULT NULL,
  `id_form` int NOT NULL,
  PRIMARY KEY (`id_localization`,`id_form`),
  KEY `fk_appointment_localization_appointment_form_idx` (`id_form`),
  CONSTRAINT `fk_appointment_localization_appointment_form` FOREIGN KEY (`id_form`) REFERENCES `appointment_form` (`id_form`) ON DELETE CASCADE
) ENGINE=InnoDB DEFAULT CHARSET=utf8 COLLATE=utf8_unicode_ci;
/*!40101 SET character_set_client = @saved_cs_client */;

--
-- Dumping data for table `appointment_localization`
--

LOCK TABLES `appointment_localization` WRITE;
/*!40000 ALTER TABLE `appointment_localization` DISABLE KEYS */;
/*!40000 ALTER TABLE `appointment_localization` ENABLE KEYS */;
UNLOCK TABLES;

--
-- Table structure for table `appointment_reservation_rule`
--

DROP TABLE IF EXISTS `appointment_reservation_rule`;
/*!40101 SET @saved_cs_client     = @@character_set_client */;
/*!50503 SET character_set_client = utf8mb4 */;
CREATE TABLE `appointment_reservation_rule` (
  `id_reservation_rule` int NOT NULL AUTO_INCREMENT,
  `date_of_apply` date NOT NULL,
  `max_capacity_per_slot` int NOT NULL DEFAULT '0',
  `max_people_per_appointment` int NOT NULL DEFAULT '0',
  `id_form` int NOT NULL,
  PRIMARY KEY (`id_reservation_rule`,`id_form`),
  UNIQUE KEY `unique_index_date_of_apply` (`id_form`,`date_of_apply`),
  KEY `fk_appointment_reservation_rule_appointment_form_idx` (`id_form`),
  KEY `date_of_apply_idx` (`date_of_apply`),
  CONSTRAINT `fk_appointment_reservation_rule_appointment_form` FOREIGN KEY (`id_form`) REFERENCES `appointment_form` (`id_form`) ON DELETE CASCADE
) ENGINE=InnoDB DEFAULT CHARSET=utf8 COLLATE=utf8_unicode_ci;
/*!40101 SET character_set_client = @saved_cs_client */;

--
-- Dumping data for table `appointment_reservation_rule`
--

LOCK TABLES `appointment_reservation_rule` WRITE;
/*!40000 ALTER TABLE `appointment_reservation_rule` DISABLE KEYS */;
/*!40000 ALTER TABLE `appointment_reservation_rule` ENABLE KEYS */;
UNLOCK TABLES;

--
-- Table structure for table `appointment_slot`
--

DROP TABLE IF EXISTS `appointment_slot`;
/*!40101 SET @saved_cs_client     = @@character_set_client */;
/*!50503 SET character_set_client = utf8mb4 */;
CREATE TABLE `appointment_slot` (
  `id_slot` int NOT NULL AUTO_INCREMENT,
  `starting_date_time` timestamp NULL DEFAULT NULL,
  `ending_date_time` timestamp NULL DEFAULT NULL,
  `is_open` tinyint(1) NOT NULL DEFAULT '1',
  `is_specific` tinyint(1) NOT NULL DEFAULT '0',
  `max_capacity` int NOT NULL DEFAULT '0',
  `nb_remaining_places` int NOT NULL DEFAULT '0',
  `nb_potential_remaining_places` int NOT NULL DEFAULT '0',
  `nb_places_taken` int NOT NULL DEFAULT '0',
  `id_form` int NOT NULL,
  PRIMARY KEY (`id_slot`,`id_form`),
  UNIQUE KEY `unique_index_starting_date_time` (`id_form`,`starting_date_time`),
  UNIQUE KEY `unique_index_ending_date_time` (`id_form`,`ending_date_time`),
  KEY `fk_appointment_slot_appointment_form_idx` (`id_form`),
  KEY `starting_date_time_idx` (`starting_date_time`),
  KEY `ending_date_time_idx` (`ending_date_time`),
  CONSTRAINT `fk_appointment_slot_appointment_form` FOREIGN KEY (`id_form`) REFERENCES `appointment_form` (`id_form`) ON DELETE CASCADE
) ENGINE=InnoDB DEFAULT CHARSET=utf8 COLLATE=utf8_unicode_ci;
/*!40101 SET character_set_client = @saved_cs_client */;

--
-- Dumping data for table `appointment_slot`
--

LOCK TABLES `appointment_slot` WRITE;
/*!40000 ALTER TABLE `appointment_slot` DISABLE KEYS */;
/*!40000 ALTER TABLE `appointment_slot` ENABLE KEYS */;
UNLOCK TABLES;

--
-- Table structure for table `appointment_time_slot`
--

DROP TABLE IF EXISTS `appointment_time_slot`;
/*!40101 SET @saved_cs_client     = @@character_set_client */;
/*!50503 SET character_set_client = utf8mb4 */;
CREATE TABLE `appointment_time_slot` (
  `id_time_slot` int NOT NULL AUTO_INCREMENT,
  `starting_time` time NOT NULL,
  `ending_time` time NOT NULL,
  `is_open` tinyint(1) NOT NULL DEFAULT '1',
  `max_capacity` int NOT NULL DEFAULT '0',
  `id_working_day` int NOT NULL,
  PRIMARY KEY (`id_time_slot`,`id_working_day`),
  UNIQUE KEY `unique_index_starting_time` (`id_working_day`,`starting_time`),
  UNIQUE KEY `unique_index_ending_time` (`id_working_day`,`ending_time`),
  KEY `fk_appointment_time_slot_appointment_working_day_idx` (`id_working_day`),
  KEY `starting_time_idx` (`starting_time`),
  KEY `ending_time_idx` (`ending_time`),
  CONSTRAINT `fk_appointment_time_slot_appointment_working_day` FOREIGN KEY (`id_working_day`) REFERENCES `appointment_working_day` (`id_working_day`) ON DELETE CASCADE
) ENGINE=InnoDB DEFAULT CHARSET=utf8 COLLATE=utf8_unicode_ci;
/*!40101 SET character_set_client = @saved_cs_client */;

--
-- Dumping data for table `appointment_time_slot`
--

LOCK TABLES `appointment_time_slot` WRITE;
/*!40000 ALTER TABLE `appointment_time_slot` DISABLE KEYS */;
/*!40000 ALTER TABLE `appointment_time_slot` ENABLE KEYS */;
UNLOCK TABLES;

--
-- Table structure for table `appointment_user`
--

DROP TABLE IF EXISTS `appointment_user`;
/*!40101 SET @saved_cs_client     = @@character_set_client */;
/*!50503 SET character_set_client = utf8mb4 */;
CREATE TABLE `appointment_user` (
  `id_user` int NOT NULL AUTO_INCREMENT,
  `guid` varchar(255) COLLATE utf8_unicode_ci DEFAULT NULL,
  `first_name` varchar(255) CHARACTER SET utf8 COLLATE utf8_bin NOT NULL,
  `last_name` varchar(255) CHARACTER SET utf8 COLLATE utf8_bin NOT NULL,
  `email` varchar(255) COLLATE utf8_unicode_ci DEFAULT NULL,
  `phone_number` varchar(255) COLLATE utf8_unicode_ci DEFAULT NULL,
  PRIMARY KEY (`id_user`),
  UNIQUE KEY `unique_index_email` (`first_name`,`last_name`,`email`),
  KEY `email_idx` (`email`)
) ENGINE=InnoDB DEFAULT CHARSET=utf8 COLLATE=utf8_unicode_ci;
/*!40101 SET character_set_client = @saved_cs_client */;

--
-- Dumping data for table `appointment_user`
--

LOCK TABLES `appointment_user` WRITE;
/*!40000 ALTER TABLE `appointment_user` DISABLE KEYS */;
/*!40000 ALTER TABLE `appointment_user` ENABLE KEYS */;
UNLOCK TABLES;

--
-- Table structure for table `appointment_week_definition`
--

DROP TABLE IF EXISTS `appointment_week_definition`;
/*!40101 SET @saved_cs_client     = @@character_set_client */;
/*!50503 SET character_set_client = utf8mb4 */;
CREATE TABLE `appointment_week_definition` (
  `id_week_definition` int NOT NULL AUTO_INCREMENT,
  `date_of_apply` date NOT NULL,
  `id_form` int NOT NULL,
  PRIMARY KEY (`id_week_definition`,`id_form`),
  UNIQUE KEY `unique_index_date_of_apply` (`id_form`,`date_of_apply`),
  KEY `fk_appointment_week_type_appointment_form_idx` (`id_form`),
  KEY `date_of_apply_idx` (`date_of_apply`),
  CONSTRAINT `fk_appointment_week_definition_appointment_form` FOREIGN KEY (`id_form`) REFERENCES `appointment_form` (`id_form`) ON DELETE CASCADE
) ENGINE=InnoDB DEFAULT CHARSET=utf8 COLLATE=utf8_unicode_ci;
/*!40101 SET character_set_client = @saved_cs_client */;

--
-- Dumping data for table `appointment_week_definition`
--

LOCK TABLES `appointment_week_definition` WRITE;
/*!40000 ALTER TABLE `appointment_week_definition` DISABLE KEYS */;
/*!40000 ALTER TABLE `appointment_week_definition` ENABLE KEYS */;
UNLOCK TABLES;

--
-- Table structure for table `appointment_working_day`
--

DROP TABLE IF EXISTS `appointment_working_day`;
/*!40101 SET @saved_cs_client     = @@character_set_client */;
/*!50503 SET character_set_client = utf8mb4 */;
CREATE TABLE `appointment_working_day` (
  `id_working_day` int NOT NULL AUTO_INCREMENT,
  `day_of_week` int NOT NULL,
  `id_week_definition` int NOT NULL,
  PRIMARY KEY (`id_working_day`,`id_week_definition`),
  UNIQUE KEY `unique_index` (`id_week_definition`,`day_of_week`),
  KEY `fk_appointment_working_day_appointment_week_definition_idx` (`id_week_definition`),
  CONSTRAINT `fk_appointment_working_day_appointment_week_definition` FOREIGN KEY (`id_week_definition`) REFERENCES `appointment_week_definition` (`id_week_definition`) ON DELETE CASCADE
) ENGINE=InnoDB DEFAULT CHARSET=utf8 COLLATE=utf8_unicode_ci;
/*!40101 SET character_set_client = @saved_cs_client */;

--
-- Dumping data for table `appointment_working_day`
--

LOCK TABLES `appointment_working_day` WRITE;
/*!40000 ALTER TABLE `appointment_working_day` DISABLE KEYS */;
/*!40000 ALTER TABLE `appointment_working_day` ENABLE KEYS */;
UNLOCK TABLES;

--
-- Table structure for table `childpages_portlet`
--

DROP TABLE IF EXISTS `childpages_portlet`;
/*!40101 SET @saved_cs_client     = @@character_set_client */;
/*!50503 SET character_set_client = utf8mb4 */;
CREATE TABLE `childpages_portlet` (
  `id_portlet` int NOT NULL DEFAULT '0',
  `id_child_page` int NOT NULL DEFAULT '0',
  PRIMARY KEY (`id_portlet`,`id_child_page`)
) ENGINE=MyISAM DEFAULT CHARSET=utf8 COLLATE=utf8_unicode_ci;
/*!40101 SET character_set_client = @saved_cs_client */;

--
-- Dumping data for table `childpages_portlet`
--

LOCK TABLES `childpages_portlet` WRITE;
/*!40000 ALTER TABLE `childpages_portlet` DISABLE KEYS */;
INSERT INTO `childpages_portlet` VALUES (83,1),(85,1),(87,3),(88,1),(89,1);
/*!40000 ALTER TABLE `childpages_portlet` ENABLE KEYS */;
UNLOCK TABLES;

--
-- Table structure for table `core_admin_dashboard`
--

DROP TABLE IF EXISTS `core_admin_dashboard`;
/*!40101 SET @saved_cs_client     = @@character_set_client */;
/*!50503 SET character_set_client = utf8mb4 */;
CREATE TABLE `core_admin_dashboard` (
  `dashboard_name` varchar(100) COLLATE utf8_unicode_ci NOT NULL,
  `dashboard_column` int NOT NULL,
  `dashboard_order` int NOT NULL,
  PRIMARY KEY (`dashboard_name`)
) ENGINE=MyISAM DEFAULT CHARSET=utf8 COLLATE=utf8_unicode_ci;
/*!40101 SET character_set_client = @saved_cs_client */;

--
-- Dumping data for table `core_admin_dashboard`
--

LOCK TABLES `core_admin_dashboard` WRITE;
/*!40000 ALTER TABLE `core_admin_dashboard` DISABLE KEYS */;
INSERT INTO `core_admin_dashboard` VALUES ('usersAdminDashboardComponent',1,1),('searchAdminDashboardComponent',1,2),('editorAdminDashboardComponent',1,3),('autoIncludesAdminDashboardComponent',1,4),('featuresAdminDashboardComponent',1,5),('xslExportAdminDashboardComponent',1,6),('workflowAdminDashboardComponent',1,1);
/*!40000 ALTER TABLE `core_admin_dashboard` ENABLE KEYS */;
UNLOCK TABLES;

--
-- Table structure for table `core_admin_mailinglist`
--

DROP TABLE IF EXISTS `core_admin_mailinglist`;
/*!40101 SET @saved_cs_client     = @@character_set_client */;
/*!50503 SET character_set_client = utf8mb4 */;
CREATE TABLE `core_admin_mailinglist` (
  `id_mailinglist` int NOT NULL AUTO_INCREMENT,
  `name` varchar(100) COLLATE utf8_unicode_ci NOT NULL,
  `description` varchar(255) COLLATE utf8_unicode_ci NOT NULL,
  `workgroup` varchar(50) COLLATE utf8_unicode_ci NOT NULL,
  PRIMARY KEY (`id_mailinglist`)
) ENGINE=MyISAM AUTO_INCREMENT=2 DEFAULT CHARSET=utf8 COLLATE=utf8_unicode_ci;
/*!40101 SET character_set_client = @saved_cs_client */;

--
-- Dumping data for table `core_admin_mailinglist`
--

LOCK TABLES `core_admin_mailinglist` WRITE;
/*!40000 ALTER TABLE `core_admin_mailinglist` DISABLE KEYS */;
INSERT INTO `core_admin_mailinglist` VALUES (1,'admin','admin','all');
/*!40000 ALTER TABLE `core_admin_mailinglist` ENABLE KEYS */;
UNLOCK TABLES;

--
-- Table structure for table `core_admin_mailinglist_filter`
--

DROP TABLE IF EXISTS `core_admin_mailinglist_filter`;
/*!40101 SET @saved_cs_client     = @@character_set_client */;
/*!50503 SET character_set_client = utf8mb4 */;
CREATE TABLE `core_admin_mailinglist_filter` (
  `id_mailinglist` int NOT NULL DEFAULT '0',
  `workgroup` varchar(50) COLLATE utf8_unicode_ci NOT NULL,
  `role` varchar(50) COLLATE utf8_unicode_ci NOT NULL,
  PRIMARY KEY (`id_mailinglist`,`workgroup`,`role`)
) ENGINE=MyISAM DEFAULT CHARSET=utf8 COLLATE=utf8_unicode_ci;
/*!40101 SET character_set_client = @saved_cs_client */;

--
-- Dumping data for table `core_admin_mailinglist_filter`
--

LOCK TABLES `core_admin_mailinglist_filter` WRITE;
/*!40000 ALTER TABLE `core_admin_mailinglist_filter` DISABLE KEYS */;
INSERT INTO `core_admin_mailinglist_filter` VALUES (1,'all','super_admin');
/*!40000 ALTER TABLE `core_admin_mailinglist_filter` ENABLE KEYS */;
UNLOCK TABLES;

--
-- Table structure for table `core_admin_right`
--

DROP TABLE IF EXISTS `core_admin_right`;
/*!40101 SET @saved_cs_client     = @@character_set_client */;
/*!50503 SET character_set_client = utf8mb4 */;
CREATE TABLE `core_admin_right` (
  `id_right` varchar(255) COLLATE utf8_unicode_ci NOT NULL DEFAULT '',
  `name` varchar(255) COLLATE utf8_unicode_ci DEFAULT NULL,
  `level_right` smallint DEFAULT NULL,
  `admin_url` varchar(255) COLLATE utf8_unicode_ci DEFAULT NULL,
  `description` varchar(255) COLLATE utf8_unicode_ci DEFAULT NULL,
  `is_updatable` int NOT NULL DEFAULT '0',
  `plugin_name` varchar(50) COLLATE utf8_unicode_ci DEFAULT NULL,
  `id_feature_group` varchar(50) COLLATE utf8_unicode_ci DEFAULT NULL,
  `icon_url` varchar(255) COLLATE utf8_unicode_ci DEFAULT NULL,
  `documentation_url` varchar(255) COLLATE utf8_unicode_ci DEFAULT NULL,
  `id_order` int DEFAULT NULL,
  `is_external_feature` smallint DEFAULT '0',
  PRIMARY KEY (`id_right`),
  KEY `index_right` (`level_right`,`admin_url`)
) ENGINE=MyISAM DEFAULT CHARSET=utf8 COLLATE=utf8_unicode_ci;
/*!40101 SET character_set_client = @saved_cs_client */;

--
-- Dumping data for table `core_admin_right`
--

LOCK TABLES `core_admin_right` WRITE;
/*!40000 ALTER TABLE `core_admin_right` DISABLE KEYS */;
INSERT INTO `core_admin_right` VALUES ('CORE_ADMIN_SITE','portal.site.adminFeature.admin_site.name',2,'jsp/admin/site/AdminSite.jsp','portal.site.adminFeature.admin_site.description',1,NULL,'SITE','images/admin/skin/features/admin_site.png','jsp/admin/documentation/AdminDocumentation.jsp?doc=admin-site',1,0),('CORE_CACHE_MANAGEMENT','portal.system.adminFeature.cache_management.name',0,'jsp/admin/system/ManageCaches.jsp','portal.system.adminFeature.cache_management.description',1,'','SYSTEM','images/admin/skin/features/manage_caches.png',NULL,1,0),('CORE_SEARCH_INDEXATION','portal.search.adminFeature.indexer.name',0,'jsp/admin/search/ManageSearchIndexation.jsp','portal.search.adminFeature.indexer.description',0,'','SYSTEM',NULL,NULL,2,0),('CORE_SEARCH_MANAGEMENT','portal.search.adminFeature.search_management.name',0,NULL,'portal.search.adminFeature.search_management.description',0,'','SYSTEM',NULL,NULL,3,0),('CORE_LOGS_VISUALISATION','portal.system.adminFeature.logs_visualisation.name',0,'jsp/admin/system/ManageFilesSystem.jsp','portal.system.adminFeature.logs_visualisation.description',1,'','SYSTEM','images/admin/skin/features/view_logs.png',NULL,4,0),('CORE_PAGE_TEMPLATE_MANAGEMENT','portal.style.adminFeature.page_template_management.name',0,'jsp/admin/style/ManagePageTemplates.jsp','portal.style.adminFeature.page_template_management.description',0,'','STYLE','images/admin/skin/features/manage_page_templates.png',NULL,1,0),('CORE_PLUGINS_MANAGEMENT','portal.system.adminFeature.plugins_management.name',0,'jsp/admin/system/ManagePlugins.jsp','portal.system.adminFeature.plugins_management.description',1,'','SYSTEM','images/admin/skin/features/manage_plugins.png',NULL,5,0),('CORE_PROPERTIES_MANAGEMENT','portal.site.adminFeature.properties_management.name',2,'jsp/admin/ManageProperties.jsp','portal.site.adminFeature.properties_management.description',0,NULL,'SITE',NULL,'jsp/admin/documentation/AdminDocumentation.jsp?doc=admin-properties',2,0),('CORE_STYLESHEET_MANAGEMENT','portal.style.adminFeature.stylesheet_management.name',0,'jsp/admin/style/ManageStyleSheets.jsp','portal.style.adminFeature.stylesheet_management.description',1,'','STYLE','images/admin/skin/features/manage_stylesheets.png',NULL,2,0),('CORE_STYLES_MANAGEMENT','portal.style.adminFeature.styles_management.name',0,'jsp/admin/style/ManageStyles.jsp','portal.style.adminFeature.styles_management.description',1,'','STYLE','images/admin/skin/features/manage_styles.png',NULL,3,0),('CORE_USERS_MANAGEMENT','portal.users.adminFeature.users_management.name',2,'jsp/admin/user/ManageUsers.jsp','portal.users.adminFeature.users_management.description',1,'','MANAGERS','images/admin/skin/features/manage_users.png',NULL,1,0),('CORE_FEATURES_MANAGEMENT','portal.admin.adminFeature.features_management.name',0,NULL,'portal.admin.adminFeature.features_management.description',0,'','SYSTEM','images/admin/skin/features/manage_features.png',NULL,6,0),('CORE_RBAC_MANAGEMENT','portal.rbac.adminFeature.rbac_management.name',0,'jsp/admin/rbac/ManageRoles.jsp','portal.rbac.adminFeature.rbac_management.description',0,'','MANAGERS','images/admin/skin/features/manage_rbac.png',NULL,2,0),('CORE_DAEMONS_MANAGEMENT','portal.system.adminFeature.daemons_management.name',0,'jsp/admin/system/ManageDaemons.jsp','portal.system.adminFeature.daemons_management.description',0,'','SYSTEM',NULL,NULL,7,0),('CORE_WORKGROUPS_MANAGEMENT','portal.workgroup.adminFeature.workgroups_management.name',2,'jsp/admin/workgroup/ManageWorkgroups.jsp','portal.workgroup.adminFeature.workgroups_management.description',0,'','MANAGERS','images/admin/skin/features/manage_workgroups.png',NULL,3,0),('CORE_ROLES_MANAGEMENT','portal.role.adminFeature.roles_management.name',2,'jsp/admin/role/ManagePageRole.jsp','portal.role.adminFeature.roles_management.description',0,NULL,'USERS','images/admin/skin/features/manage_roles.png',NULL,1,0),('CORE_MAILINGLISTS_MANAGEMENT','portal.mailinglist.adminFeature.mailinglists_management.name',2,'jsp/admin/mailinglist/ManageMailingLists.jsp','portal.mailinglist.adminFeature.mailinglists_management.description',0,'','MANAGERS','images/admin/skin/features/manage_mailinglists.png',NULL,4,0),('CORE_LEVEL_RIGHT_MANAGEMENT','portal.users.adminFeature.level_right_management.name',2,NULL,'portal.users.adminFeature.level_right_management.description',0,'','MANAGERS','images/admin/skin/features/manage_rights_levels.png',NULL,5,0),('CORE_LINK_SERVICE_MANAGEMENT','portal.insert.adminFeature.linkService_management.name',2,NULL,'portal.insert.adminFeature.linkService_management.description',0,NULL,NULL,NULL,NULL,1,0),('CORE_RIGHT_MANAGEMENT','portal.users.adminFeature.right_management.name',0,'jsp/admin/features/ManageRights.jsp','portal.users.adminFeature.right_management.description',0,'','MANAGERS','images/admin/skin/features/manage_rights_levels.png',NULL,6,0),('CORE_ADMINDASHBOARD_MANAGEMENT','portal.admindashboard.adminFeature.right_management.name',0,NULL,'portal.admindashboard.adminFeature.right_management.description',0,'','SYSTEM','images/admin/skin/features/manage_admindashboards.png',NULL,8,0),('CORE_DASHBOARD_MANAGEMENT','portal.dashboard.adminFeature.dashboard_management.name',0,NULL,'portal.dashboard.adminFeature.dashboard_management.description',0,'','SYSTEM','images/admin/skin/features/manage_dashboards.png',NULL,9,0),('CORE_XSL_EXPORT_MANAGEMENT','portal.xsl.adminFeature.xsl_export_management.name',2,NULL,'portal.xsl.adminFeature.xsl_export_management.description',1,'','SYSTEM',NULL,NULL,11,0),('CORE_TEMPLATES_AUTO_INCLUDES_MANAGEMENT','portal.templates.adminFeature.ManageAutoIncludes.name',1,NULL,'portal.templates.adminFeature.ManageAutoIncludes.description',1,'','STYLE','images/admin/skin/features/manage_templates.png',NULL,4,0),('CORE_EDITORS_MANAGEMENT','portal.admindashboard.editorManagement.right.name',2,NULL,'portal.admindashboard.editorManagement.right.description',1,'','SYSTEM',NULL,NULL,10,0),('APPOINTMENT_FORM_MANAGEMENT','appointment.adminFeature.ManageAppointmentForm.name',2,'jsp/admin/plugins/appointment/ManageAppointmentForms.jsp','appointment.adminFeature.ManageAppointmentForm.description',0,'appointment',NULL,NULL,NULL,2,0),('APPOINTMENT_CALENDAR_TEMPLATE','appointment.adminFeature.manageCalendarTemplates.name',0,'jsp/admin/plugins/appointment/ManageCalendarTemplates.jsp','appointment.adminFeature.manageCalendarTemplates.name',0,'appointment',NULL,NULL,NULL,3,0),('APPOINTMENT_CATEGORY_MANAGEMENT','appointment.adminFeature.manageCategories.name',2,'jsp/admin/plugins/appointment/ManageAppointmentCategory.jsp','appointment.adminFeature.manageCategories.name',0,'appointment',NULL,NULL,NULL,4,0),('ENROLL_MANAGEMENT','enroll.adminFeature.ManageEnroll.name',0,'jsp/admin/plugins/enroll/ManageProjects.jsp','enroll.adminFeature.ManageEnroll.description',0,'enroll',NULL,NULL,NULL,6,0),('WORKFLOW_MANAGEMENT','workflow.adminFeature.workflow_management.name',3,'jsp/admin/plugins/workflow/ManageWorkflow.jsp','workflow.adminFeature.workflow_management.description',0,'workflow',NULL,NULL,NULL,5,0),('REGULAR_EXPRESSION_MANAGEMENT','regularexpression.adminFeature.regularexpression_management.name',0,'jsp/admin/plugins/regularexpression/ManageRegularExpression.jsp','regularexpression.adminFeature.regularexpression_management.description',0,'regularexpression',NULL,NULL,NULL,7,0);
/*!40000 ALTER TABLE `core_admin_right` ENABLE KEYS */;
UNLOCK TABLES;

--
-- Table structure for table `core_admin_role`
--

DROP TABLE IF EXISTS `core_admin_role`;
/*!40101 SET @saved_cs_client     = @@character_set_client */;
/*!50503 SET character_set_client = utf8mb4 */;
CREATE TABLE `core_admin_role` (
  `role_key` varchar(50) COLLATE utf8_unicode_ci NOT NULL DEFAULT '',
  `role_description` varchar(100) COLLATE utf8_unicode_ci NOT NULL DEFAULT '',
  PRIMARY KEY (`role_key`)
) ENGINE=MyISAM DEFAULT CHARSET=utf8 COLLATE=utf8_unicode_ci;
/*!40101 SET character_set_client = @saved_cs_client */;

--
-- Dumping data for table `core_admin_role`
--

LOCK TABLES `core_admin_role` WRITE;
/*!40000 ALTER TABLE `core_admin_role` DISABLE KEYS */;
INSERT INTO `core_admin_role` VALUES ('all_site_manager','Site Manager'),('super_admin','Super Administrateur'),('workflow_manager','Workflow management'),('appointment_manager','Appointment Manager');
/*!40000 ALTER TABLE `core_admin_role` ENABLE KEYS */;
UNLOCK TABLES;

--
-- Table structure for table `core_admin_role_resource`
--

DROP TABLE IF EXISTS `core_admin_role_resource`;
/*!40101 SET @saved_cs_client     = @@character_set_client */;
/*!50503 SET character_set_client = utf8mb4 */;
CREATE TABLE `core_admin_role_resource` (
  `rbac_id` int NOT NULL AUTO_INCREMENT,
  `role_key` varchar(50) COLLATE utf8_unicode_ci NOT NULL DEFAULT '',
  `resource_type` varchar(50) COLLATE utf8_unicode_ci NOT NULL DEFAULT '',
  `resource_id` varchar(50) COLLATE utf8_unicode_ci NOT NULL DEFAULT '',
  `permission` varchar(50) COLLATE utf8_unicode_ci NOT NULL DEFAULT '',
  PRIMARY KEY (`rbac_id`)
) ENGINE=MyISAM AUTO_INCREMENT=1029 DEFAULT CHARSET=utf8 COLLATE=utf8_unicode_ci;
/*!40101 SET character_set_client = @saved_cs_client */;

--
-- Dumping data for table `core_admin_role_resource`
--

LOCK TABLES `core_admin_role_resource` WRITE;
/*!40000 ALTER TABLE `core_admin_role_resource` DISABLE KEYS */;
INSERT INTO `core_admin_role_resource` VALUES (57,'all_site_manager','PAGE','*','VIEW'),(58,'all_site_manager','PAGE','*','MANAGE'),(77,'super_admin','INSERT_SERVICE','*','*'),(101,'all_site_manager','PORTLET_TYPE','*','*'),(111,'all_site_manager','ADMIN_USER','*','*'),(137,'all_site_manager','SEARCH_SERVICE','*','*'),(164,'all_site_manager','XSL_EXPORT','*','*'),(1026,'super_admin','APPOINTMENT_FORM','*','*'),(912,'workflow_manager','WORKFLOW_ACTION_TYPE','*','*'),(923,'workflow_manager','WORKFLOW_STATE_TYPE','*','*'),(1027,'appointment_manager','APPOINTMENT_FORM','*','*'),(1028,'appointment_manager','APPOINTMENT_FORM_CREATE','*','*');
/*!40000 ALTER TABLE `core_admin_role_resource` ENABLE KEYS */;
UNLOCK TABLES;

--
-- Table structure for table `core_admin_user`
--

DROP TABLE IF EXISTS `core_admin_user`;
/*!40101 SET @saved_cs_client     = @@character_set_client */;
/*!50503 SET character_set_client = utf8mb4 */;
CREATE TABLE `core_admin_user` (
  `id_user` int NOT NULL AUTO_INCREMENT,
  `access_code` varchar(100) COLLATE utf8_unicode_ci NOT NULL DEFAULT '',
  `last_name` varchar(100) COLLATE utf8_unicode_ci NOT NULL DEFAULT '',
  `first_name` varchar(100) COLLATE utf8_unicode_ci NOT NULL DEFAULT '',
  `email` varchar(256) COLLATE utf8_unicode_ci NOT NULL DEFAULT '0',
  `status` smallint NOT NULL DEFAULT '0',
  `password` mediumtext COLLATE utf8_unicode_ci,
  `locale` varchar(10) COLLATE utf8_unicode_ci NOT NULL DEFAULT 'fr',
  `level_user` smallint NOT NULL DEFAULT '0',
  `reset_password` smallint NOT NULL DEFAULT '0',
  `accessibility_mode` smallint NOT NULL DEFAULT '0',
  `password_max_valid_date` timestamp NULL DEFAULT NULL,
  `account_max_valid_date` bigint DEFAULT NULL,
  `nb_alerts_sent` int NOT NULL DEFAULT '0',
  `last_login` timestamp NULL DEFAULT '1980-01-01 00:00:00',
  `workgroup_key` varchar(50) COLLATE utf8_unicode_ci DEFAULT 'all',
  PRIMARY KEY (`id_user`)
) ENGINE=MyISAM AUTO_INCREMENT=5 DEFAULT CHARSET=utf8 COLLATE=utf8_unicode_ci;
/*!40101 SET character_set_client = @saved_cs_client */;

--
-- Dumping data for table `core_admin_user`
--

LOCK TABLES `core_admin_user` WRITE;
/*!40000 ALTER TABLE `core_admin_user` DISABLE KEYS */;
INSERT INTO `core_admin_user` VALUES (1,'admin','Admin','admin','admin@lutece.fr',0,'PLAINTEXT:adminadmin','en',0,0,0,NULL,1618443962279,0,'2020-04-14 23:46:02','all'),(2,'lutece','Lut??ce','lutece','lutece@lutece.fr',1,'PLAINTEXT:adminadmin','fr',1,0,0,'1980-01-01 00:00:00',NULL,0,'1980-01-01 00:00:00','all'),(3,'redac','redac','redac','redac@lutece.fr',1,'PLAINTEXT:adminadmin','fr',2,0,0,'1980-01-01 00:00:00',NULL,0,'1980-01-01 00:00:00','all'),(4,'valid','valid','valid','valid@lutece.fr',1,'PLAINTEXT:adminadmin','fr',3,0,0,'1980-01-01 00:00:00',NULL,0,'1980-01-01 00:00:00','all');
/*!40000 ALTER TABLE `core_admin_user` ENABLE KEYS */;
UNLOCK TABLES;

--
-- Table structure for table `core_admin_user_anonymize_field`
--

DROP TABLE IF EXISTS `core_admin_user_anonymize_field`;
/*!40101 SET @saved_cs_client     = @@character_set_client */;
/*!50503 SET character_set_client = utf8mb4 */;
CREATE TABLE `core_admin_user_anonymize_field` (
  `field_name` varchar(100) COLLATE utf8_unicode_ci NOT NULL,
  `anonymize` smallint NOT NULL,
  PRIMARY KEY (`field_name`)
) ENGINE=MyISAM DEFAULT CHARSET=utf8 COLLATE=utf8_unicode_ci;
/*!40101 SET character_set_client = @saved_cs_client */;

--
-- Dumping data for table `core_admin_user_anonymize_field`
--

LOCK TABLES `core_admin_user_anonymize_field` WRITE;
/*!40000 ALTER TABLE `core_admin_user_anonymize_field` DISABLE KEYS */;
INSERT INTO `core_admin_user_anonymize_field` VALUES ('access_code',1),('last_name',1),('first_name',1),('email',1);
/*!40000 ALTER TABLE `core_admin_user_anonymize_field` ENABLE KEYS */;
UNLOCK TABLES;

--
-- Table structure for table `core_admin_user_field`
--

DROP TABLE IF EXISTS `core_admin_user_field`;
/*!40101 SET @saved_cs_client     = @@character_set_client */;
/*!50503 SET character_set_client = utf8mb4 */;
CREATE TABLE `core_admin_user_field` (
  `id_user_field` int NOT NULL AUTO_INCREMENT,
  `id_user` int DEFAULT NULL,
  `id_attribute` int DEFAULT NULL,
  `id_field` int DEFAULT NULL,
  `id_file` int DEFAULT NULL,
  `user_field_value` mediumtext COLLATE utf8_unicode_ci,
  PRIMARY KEY (`id_user_field`),
  KEY `core_admin_user_field_idx_file` (`id_file`)
) ENGINE=MyISAM DEFAULT CHARSET=utf8 COLLATE=utf8_unicode_ci;
/*!40101 SET character_set_client = @saved_cs_client */;

--
-- Dumping data for table `core_admin_user_field`
--

LOCK TABLES `core_admin_user_field` WRITE;
/*!40000 ALTER TABLE `core_admin_user_field` DISABLE KEYS */;
/*!40000 ALTER TABLE `core_admin_user_field` ENABLE KEYS */;
UNLOCK TABLES;

--
-- Table structure for table `core_admin_user_preferences`
--

DROP TABLE IF EXISTS `core_admin_user_preferences`;
/*!40101 SET @saved_cs_client     = @@character_set_client */;
/*!50503 SET character_set_client = utf8mb4 */;
CREATE TABLE `core_admin_user_preferences` (
  `id_user` varchar(100) COLLATE utf8_unicode_ci NOT NULL,
  `pref_key` varchar(100) COLLATE utf8_unicode_ci NOT NULL,
  `pref_value` mediumtext COLLATE utf8_unicode_ci,
  PRIMARY KEY (`id_user`,`pref_key`),
  KEY `index_admin_user_preferences` (`id_user`)
) ENGINE=MyISAM DEFAULT CHARSET=utf8 COLLATE=utf8_unicode_ci;
/*!40101 SET character_set_client = @saved_cs_client */;

--
-- Dumping data for table `core_admin_user_preferences`
--

LOCK TABLES `core_admin_user_preferences` WRITE;
/*!40000 ALTER TABLE `core_admin_user_preferences` DISABLE KEYS */;
/*!40000 ALTER TABLE `core_admin_user_preferences` ENABLE KEYS */;
UNLOCK TABLES;

--
-- Table structure for table `core_admin_workgroup`
--

DROP TABLE IF EXISTS `core_admin_workgroup`;
/*!40101 SET @saved_cs_client     = @@character_set_client */;
/*!50503 SET character_set_client = utf8mb4 */;
CREATE TABLE `core_admin_workgroup` (
  `workgroup_key` varchar(50) COLLATE utf8_unicode_ci NOT NULL,
  `workgroup_description` varchar(255) COLLATE utf8_unicode_ci DEFAULT NULL,
  PRIMARY KEY (`workgroup_key`)
) ENGINE=MyISAM DEFAULT CHARSET=utf8 COLLATE=utf8_unicode_ci;
/*!40101 SET character_set_client = @saved_cs_client */;

--
-- Dumping data for table `core_admin_workgroup`
--

LOCK TABLES `core_admin_workgroup` WRITE;
/*!40000 ALTER TABLE `core_admin_workgroup` DISABLE KEYS */;
/*!40000 ALTER TABLE `core_admin_workgroup` ENABLE KEYS */;
UNLOCK TABLES;

--
-- Table structure for table `core_admin_workgroup_user`
--

DROP TABLE IF EXISTS `core_admin_workgroup_user`;
/*!40101 SET @saved_cs_client     = @@character_set_client */;
/*!50503 SET character_set_client = utf8mb4 */;
CREATE TABLE `core_admin_workgroup_user` (
  `workgroup_key` varchar(50) COLLATE utf8_unicode_ci NOT NULL,
  `id_user` int NOT NULL,
  PRIMARY KEY (`workgroup_key`,`id_user`)
) ENGINE=MyISAM DEFAULT CHARSET=utf8 COLLATE=utf8_unicode_ci;
/*!40101 SET character_set_client = @saved_cs_client */;

--
-- Dumping data for table `core_admin_workgroup_user`
--

LOCK TABLES `core_admin_workgroup_user` WRITE;
/*!40000 ALTER TABLE `core_admin_workgroup_user` DISABLE KEYS */;
/*!40000 ALTER TABLE `core_admin_workgroup_user` ENABLE KEYS */;
UNLOCK TABLES;

--
-- Table structure for table `core_attribute`
--

DROP TABLE IF EXISTS `core_attribute`;
/*!40101 SET @saved_cs_client     = @@character_set_client */;
/*!50503 SET character_set_client = utf8mb4 */;
CREATE TABLE `core_attribute` (
  `id_attribute` int NOT NULL AUTO_INCREMENT,
  `type_class_name` varchar(255) COLLATE utf8_unicode_ci DEFAULT NULL,
  `title` mediumtext COLLATE utf8_unicode_ci,
  `help_message` mediumtext COLLATE utf8_unicode_ci,
  `is_mandatory` smallint DEFAULT '0',
  `is_shown_in_search` smallint DEFAULT '0',
  `is_shown_in_result_list` smallint DEFAULT '0',
  `is_field_in_line` smallint DEFAULT '0',
  `attribute_position` int DEFAULT '0',
  `plugin_name` varchar(255) COLLATE utf8_unicode_ci DEFAULT NULL,
  `anonymize` smallint DEFAULT NULL,
  PRIMARY KEY (`id_attribute`)
) ENGINE=MyISAM DEFAULT CHARSET=utf8 COLLATE=utf8_unicode_ci;
/*!40101 SET character_set_client = @saved_cs_client */;

--
-- Dumping data for table `core_attribute`
--

LOCK TABLES `core_attribute` WRITE;
/*!40000 ALTER TABLE `core_attribute` DISABLE KEYS */;
/*!40000 ALTER TABLE `core_attribute` ENABLE KEYS */;
UNLOCK TABLES;

--
-- Table structure for table `core_attribute_field`
--

DROP TABLE IF EXISTS `core_attribute_field`;
/*!40101 SET @saved_cs_client     = @@character_set_client */;
/*!50503 SET character_set_client = utf8mb4 */;
CREATE TABLE `core_attribute_field` (
  `id_field` int NOT NULL AUTO_INCREMENT,
  `id_attribute` int DEFAULT NULL,
  `title` varchar(255) COLLATE utf8_unicode_ci DEFAULT NULL,
  `DEFAULT_value` mediumtext COLLATE utf8_unicode_ci,
  `is_DEFAULT_value` smallint DEFAULT '0',
  `height` int DEFAULT NULL,
  `width` int DEFAULT NULL,
  `max_size_enter` int DEFAULT NULL,
  `is_multiple` smallint DEFAULT '0',
  `field_position` int DEFAULT NULL,
  PRIMARY KEY (`id_field`)
) ENGINE=MyISAM DEFAULT CHARSET=utf8 COLLATE=utf8_unicode_ci;
/*!40101 SET character_set_client = @saved_cs_client */;

--
-- Dumping data for table `core_attribute_field`
--

LOCK TABLES `core_attribute_field` WRITE;
/*!40000 ALTER TABLE `core_attribute_field` DISABLE KEYS */;
/*!40000 ALTER TABLE `core_attribute_field` ENABLE KEYS */;
UNLOCK TABLES;

--
-- Table structure for table `core_connections_log`
--

DROP TABLE IF EXISTS `core_connections_log`;
/*!40101 SET @saved_cs_client     = @@character_set_client */;
/*!50503 SET character_set_client = utf8mb4 */;
CREATE TABLE `core_connections_log` (
  `access_code` varchar(100) COLLATE utf8_unicode_ci DEFAULT NULL,
  `ip_address` varchar(63) COLLATE utf8_unicode_ci DEFAULT NULL,
  `date_login` timestamp NOT NULL DEFAULT CURRENT_TIMESTAMP,
  `login_status` int DEFAULT NULL,
  KEY `index_connections_log` (`ip_address`,`date_login`)
) ENGINE=MyISAM DEFAULT CHARSET=utf8 COLLATE=utf8_unicode_ci;
/*!40101 SET character_set_client = @saved_cs_client */;

--
-- Dumping data for table `core_connections_log`
--

LOCK TABLES `core_connections_log` WRITE;
/*!40000 ALTER TABLE `core_connections_log` DISABLE KEYS */;
INSERT INTO `core_connections_log` VALUES ('admin','172.27.0.1','2020-04-14 23:45:31',0);
/*!40000 ALTER TABLE `core_connections_log` ENABLE KEYS */;
UNLOCK TABLES;

--
-- Table structure for table `core_dashboard`
--

DROP TABLE IF EXISTS `core_dashboard`;
/*!40101 SET @saved_cs_client     = @@character_set_client */;
/*!50503 SET character_set_client = utf8mb4 */;
CREATE TABLE `core_dashboard` (
  `dashboard_name` varchar(100) COLLATE utf8_unicode_ci NOT NULL,
  `dashboard_column` int NOT NULL,
  `dashboard_order` int NOT NULL,
  PRIMARY KEY (`dashboard_name`)
) ENGINE=MyISAM DEFAULT CHARSET=utf8 COLLATE=utf8_unicode_ci;
/*!40101 SET character_set_client = @saved_cs_client */;

--
-- Dumping data for table `core_dashboard`
--

LOCK TABLES `core_dashboard` WRITE;
/*!40000 ALTER TABLE `core_dashboard` DISABLE KEYS */;
INSERT INTO `core_dashboard` VALUES ('CORE_SYSTEM',1,2),('CORE_USERS',1,1),('CORE_USER',4,1),('CORE_PAGES',2,1),('APPOINTMENT_FORM',3,2),('WORKFLOW',3,1);
/*!40000 ALTER TABLE `core_dashboard` ENABLE KEYS */;
UNLOCK TABLES;

--
-- Table structure for table `core_datastore`
--

DROP TABLE IF EXISTS `core_datastore`;
/*!40101 SET @saved_cs_client     = @@character_set_client */;
/*!50503 SET character_set_client = utf8mb4 */;
CREATE TABLE `core_datastore` (
  `entity_key` varchar(255) COLLATE utf8_unicode_ci NOT NULL,
  `entity_value` mediumtext COLLATE utf8_unicode_ci,
  PRIMARY KEY (`entity_key`)
) ENGINE=MyISAM DEFAULT CHARSET=utf8 COLLATE=utf8_unicode_ci;
/*!40101 SET character_set_client = @saved_cs_client */;

--
-- Dumping data for table `core_datastore`
--

LOCK TABLES `core_datastore` WRITE;
/*!40000 ALTER TABLE `core_datastore` DISABLE KEYS */;
INSERT INTO `core_datastore` VALUES ('core.advanced_parameters.password_duration','120'),('core.advanced_parameters.default_user_level','0'),('core.advanced_parameters.default_user_notification','1'),('core.advanced_parameters.default_user_language','fr'),('core.advanced_parameters.default_user_status','0'),('core.advanced_parameters.email_pattern','^[\\w_.\\-!\\#\\$\\%\\&\'\\*\\+\\/\\=\\?\\^\\`\\}\\{\\|\\~]+@[\\w_.\\-]+\\.[\\w]+$'),('core.advanced_parameters.email_pattern_verify_by',''),('core.advanced_parameters.force_change_password_reinit','false'),('core.advanced_parameters.password_minimum_length','8'),('core.advanced_parameters.password_format_upper_lower_case','false'),('core.advanced_parameters.password_format_numero','false'),('core.advanced_parameters.password_format_special_characters','false'),('core.advanced_parameters.password_history_size',''),('core.advanced_parameters.maximum_number_password_change',''),('core.advanced_parameters.tsw_size_password_change',''),('core.advanced_parameters.use_advanced_security_parameters',''),('core.advanced_parameters.account_life_time','12'),('core.advanced_parameters.time_before_alert_account','30'),('core.advanced_parameters.nb_alert_account','2'),('core.advanced_parameters.time_between_alerts_account','10'),('core.advanced_parameters.access_failures_max','3'),('core.advanced_parameters.access_failures_interval','10'),('core.advanced_parameters.expired_alert_mail_sender','lutece@nowhere.com'),('core.advanced_parameters.expired_alert_mail_subject','Votre compte a expir??'),('core.advanced_parameters.first_alert_mail_sender','lutece@nowhere.com'),('core.advanced_parameters.first_alert_mail_subject','Votre compte va bient??t expirer'),('core.advanced_parameters.other_alert_mail_sender','lutece@nowhere.com'),('core.advanced_parameters.other_alert_mail_subject','Votre compte va bient??t expirer'),('core.advanced_parameters.account_reactivated_mail_sender','lutece@nowhere.com'),('core.advanced_parameters.account_reactivated_mail_subject','Votre compte a bien ??t?? r??activ??'),('core.advanced_parameters.access_failures_captcha','1'),('core.advanced_parameters.notify_user_password_expired',''),('core.advanced_parameters.password_expired_mail_sender','lutece@nowhere.com'),('core.advanced_parameters.password_expired_mail_subject','Votre mot de passe a expir??'),('core.advanced_parameters.reset_token_validity','60'),('core.advanced_parameters.lock_reset_token_to_session','false'),('core.backOffice.defaultEditor','tinymce'),('core.frontOffice.defaultEditor','markitupbbcode'),('core_banned_domain_names','yopmail.com'),('portal.site.site_property.name','LUTECE'),('portal.site.site_property.meta.author','<author>'),('portal.site.site_property.meta.copyright','<copyright>'),('portal.site.site_property.meta.description','<description>'),('portal.site.site_property.meta.keywords','<keywords>'),('portal.site.site_property.email','<webmaster email>'),('portal.site.site_property.noreply_email','no-reply@mydomain.com'),('portal.site.site_property.home_url','jsp/site/Portal.jsp'),('portal.site.site_property.admin_home_url','jsp/admin/AdminMenu.jsp'),('portal.site.site_property.popup_credits.textblock','&lt;credits text&gt;'),('portal.site.site_property.popup_legal_info.copyright.textblock','&lt;copyright text&gt;'),('portal.site.site_property.popup_legal_info.privacy.textblock','&lt;privacy text&gt;'),('portal.site.site_property.logo_url','images/logo-header-icon.png'),('portal.site.site_property.menu.position','top'),('portal.site.site_property.locale.default','en'),('portal.site.site_property.avatar_default','images/admin/skin/unknown.png'),('portal.site.site_property.back_images','\'images/admin/skin/bg_login1.jpg\' , \'images/admin/skin/bg_login2.jpg\' , \'images/admin/skin/bg_login3.jpg\' , \'images/admin/skin/bg_login4.jpg\''),('core.cache.status.appointment.appointmentFormCacheService.enabled','1'),('core.cache.status.EntryTypeServiceManagerCache.enabled','1'),('core.cache.status.PageCachingFilter.enabled','0'),('core.cache.status.LuteceUserCacheService.enabled','1'),('core.cache.status.StaticFilesCachingFilter.enabled','1'),('core.cache.status.PageCacheService.enabled','1'),('core.cache.status.MailAttachmentCacheService.overflowToDisk','true'),('core.cache.status.PortletCacheService.enabled','0'),('core.cache.status.LuteceUserCacheService.maxElementsInMemory','1000'),('core.cache.status.MailAttachmentCacheService.enabled','1'),('core.cache.status.PortalMenuService.enabled','1'),('core.cache.status.StaticFilesCachingFilter.timeToLiveSeconds','604800'),('core.cache.status.MailAttachmentCacheService.diskPersistent','true'),('core.cache.status.BaseUserPreferencesCacheService.maxElementsInMemory','1000'),('core.cache.status.MyPortalWidgetContentService.enabled','1'),('core.cache.status.MailAttachmentCacheService.timeToLiveSeconds','7200'),('core.cache.status.MailAttachmentCacheService.maxElementsInMemory','10'),('core.cache.status.pathCacheService.enabled','1'),('core.cache.status.MyPortalWidgetService.enabled','1'),('core.cache.status.LinksIncludeCacheService.enabled','1'),('core.cache.status.SiteMapService.enabled','1'),('core.cache.status.BaseUserPreferencesCacheService.enabled','1'),('core.plugins.status.core_extensions.installed','true'),('core.plugins.status.lucene.installed','true'),('core.daemon.indexer.interval','300'),('core.daemon.indexer.onStartUp','true'),('core.daemon.mailSender.interval','86400'),('core.daemon.mailSender.onStartUp','true'),('core.daemon.anonymizationDaemon.interval','86400'),('core.daemon.anonymizationDaemon.onStartUp','false'),('core.daemon.accountLifeTimeDaemon.interval','86400'),('core.daemon.accountLifeTimeDaemon.onStartUp','true'),('core.daemon.threadLauncherDaemon.interval','86400'),('core.daemon.threadLauncherDaemon.onStartUp','true'),('core.daemon.slotDaemon.interval','86400'),('core.daemon.slotDaemon.onStartUp','true'),('core.daemon.automaticActionDaemon.interval','14400'),('core.daemon.automaticActionDaemon.onStartUp','true'),('core.templates.currentCommonsInclude','default'),('core.startup.time','Apr 14, 2020 11:44:46 PM'),('core.cache.status.DatastoreCacheService.enabled','0'),('core.plugins.status.appointment.installed','true'),('core.plugins.status.appointment.pool','portal'),('core.plugins.status.asynchronous-upload.installed','true'),('core.plugins.status.asynchronous-upload.pool','portal'),('core.plugins.status.childpages.installed','true'),('core.plugins.status.html.installed','true'),('core.plugins.status.workflow.installed','true'),('core.plugins.status.workflow.pool','portal'),('core.plugins.status.rest.installed','true'),('core.plugins.status.xpageportlet.installed','true'),('core.plugins.status.enroll.installed','true'),('core.plugins.status.enroll.pool','portal'),('core.plugins.status.genericattributes.installed','true'),('core.plugins.status.genericattributes.pool','portal'),('core.plugins.status.regularexpression.installed','true'),('core.plugins.status.regularexpression.pool','portal');
/*!40000 ALTER TABLE `core_datastore` ENABLE KEYS */;
UNLOCK TABLES;

--
-- Table structure for table `core_feature_group`
--

DROP TABLE IF EXISTS `core_feature_group`;
/*!40101 SET @saved_cs_client     = @@character_set_client */;
/*!50503 SET character_set_client = utf8mb4 */;
CREATE TABLE `core_feature_group` (
  `id_feature_group` varchar(50) COLLATE utf8_unicode_ci NOT NULL DEFAULT '',
  `feature_group_description` varchar(255) COLLATE utf8_unicode_ci DEFAULT NULL,
  `feature_group_label` varchar(100) COLLATE utf8_unicode_ci DEFAULT NULL,
  `feature_group_order` int DEFAULT NULL,
  PRIMARY KEY (`id_feature_group`)
) ENGINE=MyISAM DEFAULT CHARSET=utf8 COLLATE=utf8_unicode_ci;
/*!40101 SET character_set_client = @saved_cs_client */;

--
-- Dumping data for table `core_feature_group`
--

LOCK TABLES `core_feature_group` WRITE;
/*!40000 ALTER TABLE `core_feature_group` DISABLE KEYS */;
INSERT INTO `core_feature_group` VALUES ('CONTENT','portal.features.group.content.description','portal.features.group.content.label',1),('APPLICATIONS','portal.features.group.applications.description','portal.features.group.applications.label',3),('SYSTEM','portal.features.group.system.description','portal.features.group.system.label',7),('SITE','portal.features.group.site.description','portal.features.group.site.label',2),('STYLE','portal.features.group.charter.description','portal.features.group.charter.label',6),('USERS','portal.features.group.users.description','portal.features.group.users.label',4),('MANAGERS','portal.features.group.managers.description','portal.features.group.managers.label',5);
/*!40000 ALTER TABLE `core_feature_group` ENABLE KEYS */;
UNLOCK TABLES;

--
-- Table structure for table `core_file`
--

DROP TABLE IF EXISTS `core_file`;
/*!40101 SET @saved_cs_client     = @@character_set_client */;
/*!50503 SET character_set_client = utf8mb4 */;
CREATE TABLE `core_file` (
  `id_file` int NOT NULL AUTO_INCREMENT,
  `title` mediumtext COLLATE utf8_unicode_ci,
  `id_physical_file` int DEFAULT NULL,
  `file_size` int DEFAULT NULL,
  `mime_type` varchar(255) COLLATE utf8_unicode_ci DEFAULT NULL,
  `date_creation` timestamp NULL DEFAULT NULL,
  PRIMARY KEY (`id_file`)
) ENGINE=MyISAM AUTO_INCREMENT=127 DEFAULT CHARSET=utf8 COLLATE=utf8_unicode_ci;
/*!40101 SET character_set_client = @saved_cs_client */;

--
-- Dumping data for table `core_file`
--

LOCK TABLES `core_file` WRITE;
/*!40000 ALTER TABLE `core_file` DISABLE KEYS */;
INSERT INTO `core_file` VALUES (125,'export_users_csv.xml',125,2523,'application/xml','2005-10-10 10:10:10'),(126,'export_users_xml.xml',126,259,'application/xml','2005-10-10 10:10:10');
/*!40000 ALTER TABLE `core_file` ENABLE KEYS */;
UNLOCK TABLES;

--
-- Table structure for table `core_id_generator`
--

DROP TABLE IF EXISTS `core_id_generator`;
/*!40101 SET @saved_cs_client     = @@character_set_client */;
/*!50503 SET character_set_client = utf8mb4 */;
CREATE TABLE `core_id_generator` (
  `class_name` varchar(250) COLLATE utf8_unicode_ci NOT NULL DEFAULT '',
  `current_value` int NOT NULL DEFAULT '0',
  PRIMARY KEY (`class_name`)
) ENGINE=MyISAM DEFAULT CHARSET=utf8 COLLATE=utf8_unicode_ci;
/*!40101 SET character_set_client = @saved_cs_client */;

--
-- Dumping data for table `core_id_generator`
--

LOCK TABLES `core_id_generator` WRITE;
/*!40000 ALTER TABLE `core_id_generator` DISABLE KEYS */;
/*!40000 ALTER TABLE `core_id_generator` ENABLE KEYS */;
UNLOCK TABLES;

--
-- Table structure for table `core_indexer_action`
--

DROP TABLE IF EXISTS `core_indexer_action`;
/*!40101 SET @saved_cs_client     = @@character_set_client */;
/*!50503 SET character_set_client = utf8mb4 */;
CREATE TABLE `core_indexer_action` (
  `id_action` int NOT NULL AUTO_INCREMENT,
  `id_document` varchar(255) COLLATE utf8_unicode_ci NOT NULL,
  `id_task` int NOT NULL DEFAULT '0',
  `indexer_name` varchar(255) COLLATE utf8_unicode_ci NOT NULL,
  `id_portlet` int NOT NULL DEFAULT '0',
  PRIMARY KEY (`id_action`)
) ENGINE=MyISAM DEFAULT CHARSET=utf8 COLLATE=utf8_unicode_ci;
/*!40101 SET character_set_client = @saved_cs_client */;

--
-- Dumping data for table `core_indexer_action`
--

LOCK TABLES `core_indexer_action` WRITE;
/*!40000 ALTER TABLE `core_indexer_action` DISABLE KEYS */;
/*!40000 ALTER TABLE `core_indexer_action` ENABLE KEYS */;
UNLOCK TABLES;

--
-- Table structure for table `core_level_right`
--

DROP TABLE IF EXISTS `core_level_right`;
/*!40101 SET @saved_cs_client     = @@character_set_client */;
/*!50503 SET character_set_client = utf8mb4 */;
CREATE TABLE `core_level_right` (
  `id_level` smallint NOT NULL DEFAULT '0',
  `name` varchar(80) COLLATE utf8_unicode_ci DEFAULT NULL,
  PRIMARY KEY (`id_level`)
) ENGINE=MyISAM DEFAULT CHARSET=utf8 COLLATE=utf8_unicode_ci;
/*!40101 SET character_set_client = @saved_cs_client */;

--
-- Dumping data for table `core_level_right`
--

LOCK TABLES `core_level_right` WRITE;
/*!40000 ALTER TABLE `core_level_right` DISABLE KEYS */;
INSERT INTO `core_level_right` VALUES (0,'Niveau 0 - Droits de l\'administrateur technique'),(1,'Niveau 1 - Droits de l\'administrateur fonctionnel'),(2,'Niveau 2 - Droits du webmestre'),(3,'Niveau 3 - Droits de l\'assistant webmestre');
/*!40000 ALTER TABLE `core_level_right` ENABLE KEYS */;
UNLOCK TABLES;

--
-- Table structure for table `core_mail_item`
--

DROP TABLE IF EXISTS `core_mail_item`;
/*!40101 SET @saved_cs_client     = @@character_set_client */;
/*!50503 SET character_set_client = utf8mb4 */;
CREATE TABLE `core_mail_item` (
  `id_mail_queue` int NOT NULL DEFAULT '0',
  `mail_item` mediumblob,
  PRIMARY KEY (`id_mail_queue`)
) ENGINE=MyISAM DEFAULT CHARSET=utf8 COLLATE=utf8_unicode_ci;
/*!40101 SET character_set_client = @saved_cs_client */;

--
-- Dumping data for table `core_mail_item`
--

LOCK TABLES `core_mail_item` WRITE;
/*!40000 ALTER TABLE `core_mail_item` DISABLE KEYS */;
/*!40000 ALTER TABLE `core_mail_item` ENABLE KEYS */;
UNLOCK TABLES;

--
-- Table structure for table `core_mail_queue`
--

DROP TABLE IF EXISTS `core_mail_queue`;
/*!40101 SET @saved_cs_client     = @@character_set_client */;
/*!50503 SET character_set_client = utf8mb4 */;
CREATE TABLE `core_mail_queue` (
  `id_mail_queue` int NOT NULL AUTO_INCREMENT,
  `is_locked` smallint DEFAULT '0',
  PRIMARY KEY (`id_mail_queue`),
  KEY `is_locked_core_mail_queue` (`is_locked`)
) ENGINE=MyISAM DEFAULT CHARSET=utf8 COLLATE=utf8_unicode_ci;
/*!40101 SET character_set_client = @saved_cs_client */;

--
-- Dumping data for table `core_mail_queue`
--

LOCK TABLES `core_mail_queue` WRITE;
/*!40000 ALTER TABLE `core_mail_queue` DISABLE KEYS */;
/*!40000 ALTER TABLE `core_mail_queue` ENABLE KEYS */;
UNLOCK TABLES;

--
-- Table structure for table `core_mode`
--

DROP TABLE IF EXISTS `core_mode`;
/*!40101 SET @saved_cs_client     = @@character_set_client */;
/*!50503 SET character_set_client = utf8mb4 */;
CREATE TABLE `core_mode` (
  `id_mode` int NOT NULL DEFAULT '0',
  `description_mode` varchar(255) COLLATE utf8_unicode_ci DEFAULT NULL,
  `path` varchar(50) COLLATE utf8_unicode_ci NOT NULL DEFAULT '',
  `output_xsl_method` varchar(50) COLLATE utf8_unicode_ci DEFAULT NULL,
  `output_xsl_version` varchar(50) COLLATE utf8_unicode_ci DEFAULT NULL,
  `output_xsl_media_type` varchar(50) COLLATE utf8_unicode_ci DEFAULT NULL,
  `output_xsl_encoding` varchar(50) COLLATE utf8_unicode_ci DEFAULT NULL,
  `output_xsl_indent` varchar(50) COLLATE utf8_unicode_ci DEFAULT NULL,
  `output_xsl_omit_xml_dec` varchar(50) COLLATE utf8_unicode_ci DEFAULT NULL,
  `output_xsl_standalone` varchar(50) COLLATE utf8_unicode_ci DEFAULT NULL,
  PRIMARY KEY (`id_mode`)
) ENGINE=MyISAM DEFAULT CHARSET=utf8 COLLATE=utf8_unicode_ci;
/*!40101 SET character_set_client = @saved_cs_client */;

--
-- Dumping data for table `core_mode`
--

LOCK TABLES `core_mode` WRITE;
/*!40000 ALTER TABLE `core_mode` DISABLE KEYS */;
INSERT INTO `core_mode` VALUES (0,'Normal','normal/','xml','1.0','text/xml','UTF-8','yes','yes','yes'),(1,'Administration','admin/','xml','1.0','text/xml','UTF-8','yes','yes','yes'),(2,'Wap','wml/','xml','1.0','text/xml','UTF-8','yes','yes','yes');
/*!40000 ALTER TABLE `core_mode` ENABLE KEYS */;
UNLOCK TABLES;

--
-- Table structure for table `core_page`
--

DROP TABLE IF EXISTS `core_page`;
/*!40101 SET @saved_cs_client     = @@character_set_client */;
/*!50503 SET character_set_client = utf8mb4 */;
CREATE TABLE `core_page` (
  `id_page` int NOT NULL AUTO_INCREMENT,
  `id_parent` int DEFAULT '0',
  `name` varchar(50) COLLATE utf8_unicode_ci NOT NULL DEFAULT '',
  `description` mediumtext COLLATE utf8_unicode_ci,
  `date_update` timestamp NOT NULL DEFAULT CURRENT_TIMESTAMP,
  `status` smallint DEFAULT NULL,
  `page_order` int DEFAULT '0',
  `id_template` int DEFAULT NULL,
  `date_creation` timestamp NULL DEFAULT NULL,
  `role` varchar(50) COLLATE utf8_unicode_ci DEFAULT NULL,
  `code_theme` varchar(80) COLLATE utf8_unicode_ci DEFAULT NULL,
  `node_status` smallint NOT NULL DEFAULT '1',
  `image_content` mediumblob,
  `mime_type` varchar(255) COLLATE utf8_unicode_ci DEFAULT 'NULL',
  `meta_keywords` varchar(255) COLLATE utf8_unicode_ci DEFAULT NULL,
  `meta_description` varchar(255) COLLATE utf8_unicode_ci DEFAULT NULL,
  `id_authorization_node` int DEFAULT NULL,
  `display_date_update` smallint NOT NULL DEFAULT '0',
  `is_manual_date_update` smallint NOT NULL DEFAULT '0',
  PRIMARY KEY (`id_page`),
  KEY `index_page` (`id_template`,`id_parent`),
  KEY `index_childpage` (`id_parent`,`page_order`)
) ENGINE=MyISAM AUTO_INCREMENT=3 DEFAULT CHARSET=utf8 COLLATE=utf8_unicode_ci;
/*!40101 SET character_set_client = @saved_cs_client */;

--
-- Dumping data for table `core_page`
--

LOCK TABLES `core_page` WRITE;
/*!40000 ALTER TABLE `core_page` DISABLE KEYS */;
INSERT INTO `core_page` VALUES (1,0,'Home','Home Page','2014-06-08 17:20:44',1,1,4,'2003-09-09 00:38:01','none','default',0,'','application/octet-stream',NULL,NULL,1,0,0),(2,1,'Page 1','A child page','2014-06-08 18:23:42',0,1,2,'2014-06-08 18:23:42','none','default',1,NULL,'application/octet-stream',NULL,NULL,1,0,0);
/*!40000 ALTER TABLE `core_page` ENABLE KEYS */;
UNLOCK TABLES;

--
-- Table structure for table `core_page_template`
--

DROP TABLE IF EXISTS `core_page_template`;
/*!40101 SET @saved_cs_client     = @@character_set_client */;
/*!50503 SET character_set_client = utf8mb4 */;
CREATE TABLE `core_page_template` (
  `id_template` int NOT NULL AUTO_INCREMENT,
  `description` varchar(50) COLLATE utf8_unicode_ci DEFAULT NULL,
  `file_name` varchar(100) COLLATE utf8_unicode_ci DEFAULT NULL,
  `picture` varchar(50) COLLATE utf8_unicode_ci DEFAULT NULL,
  PRIMARY KEY (`id_template`)
) ENGINE=MyISAM AUTO_INCREMENT=7 DEFAULT CHARSET=utf8 COLLATE=utf8_unicode_ci;
/*!40101 SET character_set_client = @saved_cs_client */;

--
-- Dumping data for table `core_page_template`
--

LOCK TABLES `core_page_template` WRITE;
/*!40000 ALTER TABLE `core_page_template` DISABLE KEYS */;
INSERT INTO `core_page_template` VALUES (1,'Une colonne','skin/site/page_template1.html','page_template1.gif'),(2,'Deux colonnes','skin/site/page_template2.html','page_template2.gif'),(3,'Trois colonnes','skin/site/page_template3.html','page_template3.gif'),(4,'1 + 2 colonnes','skin/site/page_template4.html','page_template4.gif'),(5,'Deux colonnes ??gales','skin/site/page_template5.html','page_template5.gif'),(6,'Trois colonnes in??gales','skin/site/page_template6.html','page_template6.gif');
/*!40000 ALTER TABLE `core_page_template` ENABLE KEYS */;
UNLOCK TABLES;

--
-- Table structure for table `core_physical_file`
--

DROP TABLE IF EXISTS `core_physical_file`;
/*!40101 SET @saved_cs_client     = @@character_set_client */;
/*!50503 SET character_set_client = utf8mb4 */;
CREATE TABLE `core_physical_file` (
  `id_physical_file` int NOT NULL AUTO_INCREMENT,
  `file_value` mediumblob,
  PRIMARY KEY (`id_physical_file`)
) ENGINE=MyISAM AUTO_INCREMENT=127 DEFAULT CHARSET=utf8 COLLATE=utf8_unicode_ci;
/*!40101 SET character_set_client = @saved_cs_client */;

--
-- Dumping data for table `core_physical_file`
--

LOCK TABLES `core_physical_file` WRITE;
/*!40000 ALTER TABLE `core_physical_file` DISABLE KEYS */;
INSERT INTO `core_physical_file` VALUES (125,_binary '<?xml version=\"1.0\"?>\r\n<xsl:stylesheet version=\"1.0\" xmlns:xsl=\"http://www.w3.org/1999/XSL/Transform\">\r\n	<xsl:output method=\"text\"/>\r\n	\r\n	<xsl:template match=\"users\">\r\n		<xsl:apply-templates select=\"user\" />\r\n	</xsl:template>\r\n	\r\n	<xsl:template match=\"user\">\r\n		<xsl:text>\"</xsl:text>\r\n		<xsl:value-of select=\"access_code\" />\r\n		<xsl:text>\";\"</xsl:text>\r\n		<xsl:value-of select=\"last_name\" />\r\n		<xsl:text>\";\"</xsl:text>\r\n		<xsl:value-of select=\"first_name\" />\r\n		<xsl:text>\";\"</xsl:text>\r\n		<xsl:value-of select=\"email\" />\r\n		<xsl:text>\";\"</xsl:text>\r\n		<xsl:value-of select=\"status\" />\r\n		<xsl:text>\";\"</xsl:text>\r\n		<xsl:value-of select=\"locale\" />\r\n		<xsl:text>\";\"</xsl:text>\r\n		<xsl:value-of select=\"level\" />\r\n		<xsl:text>\";\"</xsl:text>\r\n		<xsl:value-of select=\"must_change_password\" />\r\n		<xsl:text>\";\"</xsl:text>\r\n		<xsl:value-of select=\"accessibility_mode\" />\r\n		<xsl:text>\";\"</xsl:text>\r\n		<xsl:value-of select=\"password_max_valid_date\" />\r\n		<xsl:text>\";\"</xsl:text>\r\n		<xsl:value-of select=\"account_max_valid_date\" />\r\n		<xsl:text>\";\"</xsl:text>\r\n		<xsl:value-of select=\"date_last_login\" />\r\n		<xsl:text>\"</xsl:text>\r\n		<xsl:apply-templates select=\"roles\" />\r\n		<xsl:apply-templates select=\"rights\" />\r\n		<xsl:apply-templates select=\"workgroups\" />\r\n		<xsl:apply-templates select=\"attributes\" />\r\n		<xsl:text>&#10;</xsl:text>\r\n	</xsl:template>\r\n	\r\n	<xsl:template match=\"roles\">\r\n		<xsl:apply-templates select=\"role\" />\r\n	</xsl:template>\r\n	\r\n	<xsl:template match=\"role\">\r\n		<xsl:text>;\"role:</xsl:text>\r\n		<xsl:value-of select=\"current()\" />\r\n		<xsl:text>\"</xsl:text>\r\n	</xsl:template>\r\n	\r\n	<xsl:template match=\"rights\">\r\n		<xsl:apply-templates select=\"right\" />\r\n	</xsl:template>\r\n	\r\n	<xsl:template match=\"right\">\r\n		<xsl:text>;\"right:</xsl:text>\r\n		<xsl:value-of select=\"current()\" />\r\n		<xsl:text>\"</xsl:text>\r\n	</xsl:template>\r\n	\r\n	<xsl:template match=\"workgroups\">\r\n		<xsl:apply-templates select=\"workgroup\" />\r\n	</xsl:template>\r\n	\r\n	<xsl:template match=\"workgroup\">\r\n		<xsl:text>;\"workgroup:</xsl:text>\r\n		<xsl:value-of select=\"current()\" />\r\n		<xsl:text>\"</xsl:text>\r\n	</xsl:template>\r\n	\r\n	<xsl:template match=\"attributes\">\r\n		<xsl:apply-templates select=\"attribute\" />\r\n	</xsl:template>\r\n	\r\n	<xsl:template match=\"attribute\">\r\n		<xsl:text>;\"</xsl:text>\r\n		<xsl:value-of select=\"attribute-id\" />\r\n		<xsl:text>:</xsl:text>\r\n		<xsl:value-of select=\"attribute-field-id\" />\r\n		<xsl:text>:</xsl:text>\r\n		<xsl:value-of select=\"attribute-value\" />\r\n		<xsl:text>\"</xsl:text>\r\n	</xsl:template>\r\n	\r\n</xsl:stylesheet>'),(126,_binary '<?xml version=\"1.0\" ?>\r\n<xsl:stylesheet version=\"1.0\" xmlns:xsl=\"http://www.w3.org/1999/XSL/Transform\">\r\n	<xsl:template match=\"/ | @* | node()\">\r\n		<xsl:copy>\r\n			<xsl:apply-templates select=\"@* | node()\" />\r\n		</xsl:copy>\r\n	</xsl:template>\r\n</xsl:stylesheet>');
/*!40000 ALTER TABLE `core_physical_file` ENABLE KEYS */;
UNLOCK TABLES;

--
-- Table structure for table `core_portal_component`
--

DROP TABLE IF EXISTS `core_portal_component`;
/*!40101 SET @saved_cs_client     = @@character_set_client */;
/*!50503 SET character_set_client = utf8mb4 */;
CREATE TABLE `core_portal_component` (
  `id_portal_component` int NOT NULL DEFAULT '0',
  `name` varchar(50) COLLATE utf8_unicode_ci DEFAULT NULL,
  PRIMARY KEY (`id_portal_component`)
) ENGINE=MyISAM DEFAULT CHARSET=utf8 COLLATE=utf8_unicode_ci;
/*!40101 SET character_set_client = @saved_cs_client */;

--
-- Dumping data for table `core_portal_component`
--

LOCK TABLES `core_portal_component` WRITE;
/*!40000 ALTER TABLE `core_portal_component` DISABLE KEYS */;
INSERT INTO `core_portal_component` VALUES (0,'Rubrique'),(1,'Article'),(2,'Rubrique Liste Article'),(3,'Menu Init'),(4,'Menu Principal'),(5,'Chemin Page'),(6,'Plan du site'),(7,'Arborescence'),(8,'Plan du site admin');
/*!40000 ALTER TABLE `core_portal_component` ENABLE KEYS */;
UNLOCK TABLES;

--
-- Table structure for table `core_portlet`
--

DROP TABLE IF EXISTS `core_portlet`;
/*!40101 SET @saved_cs_client     = @@character_set_client */;
/*!50503 SET character_set_client = utf8mb4 */;
CREATE TABLE `core_portlet` (
  `id_portlet` int NOT NULL AUTO_INCREMENT,
  `id_portlet_type` varchar(50) COLLATE utf8_unicode_ci DEFAULT NULL,
  `id_page` int DEFAULT NULL,
  `name` varchar(70) COLLATE utf8_unicode_ci DEFAULT NULL,
  `date_update` timestamp NOT NULL DEFAULT CURRENT_TIMESTAMP,
  `status` smallint NOT NULL DEFAULT '0',
  `portlet_order` int DEFAULT NULL,
  `column_no` int DEFAULT NULL,
  `id_style` int DEFAULT NULL,
  `accept_alias` smallint DEFAULT NULL,
  `date_creation` timestamp NULL DEFAULT NULL,
  `display_portlet_title` int NOT NULL DEFAULT '0',
  `role` varchar(50) COLLATE utf8_unicode_ci DEFAULT NULL,
  `device_display_flags` int NOT NULL DEFAULT '15',
  PRIMARY KEY (`id_portlet`),
  KEY `index_portlet` (`id_page`,`id_portlet_type`,`id_style`)
) ENGINE=MyISAM AUTO_INCREMENT=90 DEFAULT CHARSET=utf8 COLLATE=utf8_unicode_ci;
/*!40101 SET character_set_client = @saved_cs_client */;

--
-- Dumping data for table `core_portlet`
--

LOCK TABLES `core_portlet` WRITE;
/*!40000 ALTER TABLE `core_portlet` DISABLE KEYS */;
INSERT INTO `core_portlet` VALUES (85,'CHILDPAGES_PORTLET',5,'Pages filles','2007-11-24 17:15:10',0,1,5,300,0,'2007-11-24 17:14:58',1,NULL,15),(87,'CHILDPAGES_PORTLET',3,'Pages filles','2007-11-24 17:21:01',0,1,5,300,0,'2007-11-24 17:19:50',1,NULL,15),(88,'CHILDPAGES_PORTLET',10,'Pages filles','2007-11-24 17:20:37',0,1,5,301,0,'2007-11-24 17:20:37',1,NULL,15),(89,'CHILDPAGES_PORTLET',9,'Pages filles','2007-11-24 17:23:06',0,1,5,301,0,'2007-11-24 17:21:47',1,NULL,15),(83,'CHILDPAGES_PORTLET',1,'Pages filles','2007-11-24 16:11:33',0,1,5,300,0,'2007-11-24 16:11:33',1,NULL,15),(1,'HTML_PORTLET',1,'Qu\'est-ce que Lutece ?','2019-05-31 16:28:04',0,2,1,100,0,'2011-03-14 13:13:39',1,'none',273),(2,'HTML_PORTLET',1,'Infos','2019-05-31 15:51:57',0,1,3,100,0,'2015-05-15 15:26:01',1,'none',273),(4,'HTML_PORTLET',1,'Lutece','2019-06-03 10:23:25',0,1,4,100,0,'2019-05-31 11:55:16',1,'none',4369),(5,'HTML_PORTLET',1,'Autres informations','2019-05-31 16:51:33',0,1,5,100,0,'2019-05-31 15:01:47',1,'none',4369);
/*!40000 ALTER TABLE `core_portlet` ENABLE KEYS */;
UNLOCK TABLES;

--
-- Table structure for table `core_portlet_alias`
--

DROP TABLE IF EXISTS `core_portlet_alias`;
/*!40101 SET @saved_cs_client     = @@character_set_client */;
/*!50503 SET character_set_client = utf8mb4 */;
CREATE TABLE `core_portlet_alias` (
  `id_portlet` int NOT NULL DEFAULT '0',
  `id_alias` int NOT NULL DEFAULT '0',
  PRIMARY KEY (`id_portlet`,`id_alias`)
) ENGINE=MyISAM DEFAULT CHARSET=utf8 COLLATE=utf8_unicode_ci;
/*!40101 SET character_set_client = @saved_cs_client */;

--
-- Dumping data for table `core_portlet_alias`
--

LOCK TABLES `core_portlet_alias` WRITE;
/*!40000 ALTER TABLE `core_portlet_alias` DISABLE KEYS */;
/*!40000 ALTER TABLE `core_portlet_alias` ENABLE KEYS */;
UNLOCK TABLES;

--
-- Table structure for table `core_portlet_type`
--

DROP TABLE IF EXISTS `core_portlet_type`;
/*!40101 SET @saved_cs_client     = @@character_set_client */;
/*!50503 SET character_set_client = utf8mb4 */;
CREATE TABLE `core_portlet_type` (
  `id_portlet_type` varchar(50) COLLATE utf8_unicode_ci NOT NULL DEFAULT '0',
  `name` varchar(255) COLLATE utf8_unicode_ci DEFAULT NULL,
  `url_creation` varchar(255) COLLATE utf8_unicode_ci DEFAULT NULL,
  `url_update` varchar(255) COLLATE utf8_unicode_ci DEFAULT NULL,
  `home_class` varchar(255) COLLATE utf8_unicode_ci DEFAULT NULL,
  `plugin_name` varchar(50) COLLATE utf8_unicode_ci DEFAULT NULL,
  `url_docreate` varchar(255) COLLATE utf8_unicode_ci DEFAULT NULL,
  `create_script` varchar(255) COLLATE utf8_unicode_ci DEFAULT NULL,
  `create_specific` varchar(255) COLLATE utf8_unicode_ci DEFAULT NULL,
  `create_specific_form` varchar(255) COLLATE utf8_unicode_ci DEFAULT NULL,
  `url_domodify` varchar(255) COLLATE utf8_unicode_ci DEFAULT NULL,
  `modify_script` varchar(255) COLLATE utf8_unicode_ci DEFAULT NULL,
  `modify_specific` varchar(255) COLLATE utf8_unicode_ci DEFAULT NULL,
  `modify_specific_form` varchar(255) COLLATE utf8_unicode_ci DEFAULT NULL,
  PRIMARY KEY (`id_portlet_type`)
) ENGINE=MyISAM DEFAULT CHARSET=utf8 COLLATE=utf8_unicode_ci;
/*!40101 SET character_set_client = @saved_cs_client */;

--
-- Dumping data for table `core_portlet_type`
--

LOCK TABLES `core_portlet_type` WRITE;
/*!40000 ALTER TABLE `core_portlet_type` DISABLE KEYS */;
INSERT INTO `core_portlet_type` VALUES ('ALIAS_PORTLET','portal.site.portletAlias.name','plugins/alias/CreatePortletAlias.jsp','plugins/alias/ModifyPortletAlias.jsp','fr.paris.lutece.portal.business.portlet.AliasPortletHome','alias','plugins/alias/DoCreatePortletAlias.jsp','/admin/portlet/script_create_portlet.html','/admin/portlet/alias/create_portlet_alias.html','','plugins/alias/DoModifyPortletAlias.jsp','/admin/portlet/script_modify_portlet.html','/admin/portlet/alias/modify_portlet_alias.html',''),('APPOINTMENT_PORTLET','appointment.portlet.appointmentAppointmentPortlet.name','plugins/appointment/CreatePortletAppointment.jsp','plugins/appointment/ModifyPortletAppointment.jsp','fr.paris.lutece.plugins.appointment.business.portlet.AppointmentPortletHome','appointment','plugins/appointment/DoCreatePortletAppointment.jsp','/admin/portlet/script_create_portlet.html','/admin/plugins/appointment/portlet/create_portletappointment.html','','plugins/appointment/DoModifyPortletAppointment.jsp','/admin/portlet/script_modify_portlet.html','/admin/plugins/appointment/portlet/modify_portletappointment.html',''),('APPOINTMENT_FORM_PORTLET','appointment.appointmentForm.name','plugins/appointment/CreatePortletAppointmentForm.jsp','plugins/appointment/ModifyPortletAppointmentForm.jsp','fr.paris.lutece.plugins.appointment.business.portlet.AppointmentFormPortletHome','appointment','plugins/appointment/DoCreatePortletAppointmentForm.jsp','/admin/portlet/script_create_portlet.html','/admin/plugins/appointment/portlet/create_portletappointmentform.html','','plugins/appointment/DoModifyPortletAppointmentForm.jsp','/admin/portlet/script_modify_portlet.html','/admin/plugins/appointment/portlet/modify_portletappointmentform.html',''),('APPOINTMENT_FORM_LIST_PORTLET','appointment.portlet.appointmentFormListPortlet.name','plugins/appointment/CreatePortletAppointmentFormList.jsp','plugins/appointment/ModifyPortletAppointmentFormList.jsp','fr.paris.lutece.plugins.appointment.business.portlet.AppointmentFormListPortletHome','appointment','plugins/appointment/DoCreatePortletAppointmentFormList.jsp','/admin/portlet/script_create_portlet.html','/admin/plugins/appointment/portlet/create_portletappointmentformlist.html','','plugins/appointment/DoModifyPortletAppointmentFormList.jsp','/admin/portlet/script_modify_portlet.html','/admin/plugins/appointment/portlet/modify_portletappointmentformlist.html',''),('CHILDPAGES_PORTLET','childpages.portlet.name','plugins/childpages/CreatePortletChildPages.jsp','plugins/childpages/ModifyPortletChildPages.jsp','fr.paris.lutece.plugins.childpages.business.portlet.ChildPagesPortletHome','childpages','plugins/childpages/DoCreatePortletChildPages.jsp','/admin/portlet/script_create_portlet.html','/admin/plugins/childpages/value_id_parent.html','','plugins/childpages/DoModifyPortletChildPages.jsp','/admin/portlet/script_modify_portlet.html','/admin/plugins/childpages/value_id_parent.html',''),('ENROLL_PORTLET','enroll.portlet.enrollEnrollPortlet.name','plugins/enroll/CreatePortletEnroll.jsp','plugins/enroll/ModifyPortletEnroll.jsp','fr.paris.lutece.plugins.enroll.business.portlet.EnrollPortletHome','enroll','plugins/enroll/DoCreatePortletEnroll.jsp','/admin/portlet/script_create_portlet.html','/admin/plugins/enroll/portlet/create_portletenroll.html','','plugins/enroll/DoModifyPortletEnroll.jsp','/admin/portlet/script_modify_portlet.html','/admin/plugins/enroll/portlet/modify_portletenroll.html',''),('HTML_PORTLET','html.portlet.name','plugins/html/CreatePortletHtml.jsp','plugins/html/ModifyPortletHtml.jsp','fr.paris.lutece.plugins.html.business.portlet.HtmlPortletHome','html','plugins/html/DoCreatePortletHtml.jsp','/admin/portlet/script_create_portlet.html','/admin/plugins/html/portlet_html.html','','plugins/html/DoModifyPortletHtml.jsp','/admin/portlet/script_modify_portlet.html','/admin/plugins/html/portlet_html.html',''),('HTML_UNTRANSFORMED_PORTLET','html.portlet.untransformed.name','plugins/html/CreatePortletHtml.jsp','plugins/html/ModifyPortletHtml.jsp','fr.paris.lutece.plugins.html.business.portlet.UntransformedHtmlPortletHome','html','plugins/html/DoCreatePortletHtml.jsp','/admin/portlet/script_create_portlet.html','/admin/plugins/html/portlet_html.html','','plugins/html/DoModifyPortletHtml.jsp','/admin/portlet/script_modify_portlet.html','/admin/plugins/html/portlet_html.html',''),('XPAGE_PORTLET','xpageportlet.portlet.name','plugins/xpageportlet/CreatePortletXPage.jsp','plugins/xpageportlet/ModifyPortletXPage.jsp','fr.paris.lutece.plugins.xpageportlet.business.portlet.XPagePortletHome','xpageportlet','plugins/xpageportlet/DoCreatePortletXPage.jsp','/admin/portlet/script_create_portlet.html','/admin/plugins/xpageportlet/create_portlet_xpage.html','','plugins/xpageportlet/DoModifyPortletXPage.jsp','/admin/portlet/script_modify_portlet.html','/admin/plugins/xpageportlet/modify_portlet_xpage.html','');
/*!40000 ALTER TABLE `core_portlet_type` ENABLE KEYS */;
UNLOCK TABLES;

--
-- Table structure for table `core_role`
--

DROP TABLE IF EXISTS `core_role`;
/*!40101 SET @saved_cs_client     = @@character_set_client */;
/*!50503 SET character_set_client = utf8mb4 */;
CREATE TABLE `core_role` (
  `role` varchar(50) COLLATE utf8_unicode_ci NOT NULL DEFAULT '',
  `role_description` varchar(255) COLLATE utf8_unicode_ci DEFAULT NULL,
  `workgroup_key` varchar(50) COLLATE utf8_unicode_ci NOT NULL DEFAULT '',
  PRIMARY KEY (`role`)
) ENGINE=MyISAM DEFAULT CHARSET=utf8 COLLATE=utf8_unicode_ci;
/*!40101 SET character_set_client = @saved_cs_client */;

--
-- Dumping data for table `core_role`
--

LOCK TABLES `core_role` WRITE;
/*!40000 ALTER TABLE `core_role` DISABLE KEYS */;
/*!40000 ALTER TABLE `core_role` ENABLE KEYS */;
UNLOCK TABLES;

--
-- Table structure for table `core_search_parameter`
--

DROP TABLE IF EXISTS `core_search_parameter`;
/*!40101 SET @saved_cs_client     = @@character_set_client */;
/*!50503 SET character_set_client = utf8mb4 */;
CREATE TABLE `core_search_parameter` (
  `parameter_key` varchar(100) COLLATE utf8_unicode_ci NOT NULL,
  `parameter_value` mediumtext COLLATE utf8_unicode_ci,
  PRIMARY KEY (`parameter_key`)
) ENGINE=MyISAM DEFAULT CHARSET=utf8 COLLATE=utf8_unicode_ci;
/*!40101 SET character_set_client = @saved_cs_client */;

--
-- Dumping data for table `core_search_parameter`
--

LOCK TABLES `core_search_parameter` WRITE;
/*!40000 ALTER TABLE `core_search_parameter` DISABLE KEYS */;
INSERT INTO `core_search_parameter` VALUES ('type_filter','none'),('default_operator','OR'),('help_message','Message d aide pour la recherche'),('date_filter','0'),('tag_filter','0'),('taglist',NULL);
/*!40000 ALTER TABLE `core_search_parameter` ENABLE KEYS */;
UNLOCK TABLES;

--
-- Table structure for table `core_style`
--

DROP TABLE IF EXISTS `core_style`;
/*!40101 SET @saved_cs_client     = @@character_set_client */;
/*!50503 SET character_set_client = utf8mb4 */;
CREATE TABLE `core_style` (
  `id_style` int NOT NULL DEFAULT '0',
  `description_style` varchar(100) COLLATE utf8_unicode_ci NOT NULL DEFAULT '',
  `id_portlet_type` varchar(50) COLLATE utf8_unicode_ci DEFAULT NULL,
  `id_portal_component` int NOT NULL DEFAULT '0',
  PRIMARY KEY (`id_style`),
  KEY `index_style` (`id_portlet_type`)
) ENGINE=MyISAM DEFAULT CHARSET=utf8 COLLATE=utf8_unicode_ci;
/*!40101 SET character_set_client = @saved_cs_client */;

--
-- Dumping data for table `core_style`
--

LOCK TABLES `core_style` WRITE;
/*!40000 ALTER TABLE `core_style` DISABLE KEYS */;
INSERT INTO `core_style` VALUES (3,'Menu Init','',3),(4,'Main Menu','',4),(5,'Chemin Page','',5),(6,'Plan du site','',6),(7,'Arborescence','',7),(8,'Plan du Site Admin',NULL,8),(300,'D??faut','CHILDPAGES_PORTLET',0),(301,'Image + lien','CHILDPAGES_PORTLET',0),(100,'D??faut','HTML_PORTLET',0),(101,'Fond color??','HTML_PORTLET',0),(888,'xpageportlet','XPAGE_PORTLET',0);
/*!40000 ALTER TABLE `core_style` ENABLE KEYS */;
UNLOCK TABLES;

--
-- Table structure for table `core_style_mode_stylesheet`
--

DROP TABLE IF EXISTS `core_style_mode_stylesheet`;
/*!40101 SET @saved_cs_client     = @@character_set_client */;
/*!50503 SET character_set_client = utf8mb4 */;
CREATE TABLE `core_style_mode_stylesheet` (
  `id_style` int NOT NULL DEFAULT '0',
  `id_mode` int NOT NULL DEFAULT '0',
  `id_stylesheet` int NOT NULL DEFAULT '0',
  PRIMARY KEY (`id_style`,`id_mode`,`id_stylesheet`),
  KEY `index_style_mode_stylesheet` (`id_stylesheet`,`id_mode`)
) ENGINE=MyISAM DEFAULT CHARSET=utf8 COLLATE=utf8_unicode_ci;
/*!40101 SET character_set_client = @saved_cs_client */;

--
-- Dumping data for table `core_style_mode_stylesheet`
--

LOCK TABLES `core_style_mode_stylesheet` WRITE;
/*!40000 ALTER TABLE `core_style_mode_stylesheet` DISABLE KEYS */;
INSERT INTO `core_style_mode_stylesheet` VALUES (3,0,211),(4,0,213),(5,0,215),(6,0,217),(7,0,253),(8,1,279),(100,0,10),(101,0,285),(300,0,30),(301,0,9006),(888,0,888);
/*!40000 ALTER TABLE `core_style_mode_stylesheet` ENABLE KEYS */;
UNLOCK TABLES;

--
-- Table structure for table `core_stylesheet`
--

DROP TABLE IF EXISTS `core_stylesheet`;
/*!40101 SET @saved_cs_client     = @@character_set_client */;
/*!50503 SET character_set_client = utf8mb4 */;
CREATE TABLE `core_stylesheet` (
  `id_stylesheet` int NOT NULL AUTO_INCREMENT,
  `description` varchar(255) COLLATE utf8_unicode_ci DEFAULT NULL,
  `file_name` varchar(255) COLLATE utf8_unicode_ci DEFAULT NULL,
  `source` mediumblob,
  PRIMARY KEY (`id_stylesheet`)
) ENGINE=MyISAM AUTO_INCREMENT=9007 DEFAULT CHARSET=utf8 COLLATE=utf8_unicode_ci;
/*!40101 SET character_set_client = @saved_cs_client */;

--
-- Dumping data for table `core_stylesheet`
--

LOCK TABLES `core_stylesheet` WRITE;
/*!40000 ALTER TABLE `core_stylesheet` DISABLE KEYS */;
INSERT INTO `core_stylesheet` VALUES (253,'Pages filles - Arborescence','menu_tree.xsl',_binary '<?xml version=\"1.0\"?>\r\n<xsl:stylesheet version=\"1.0\" xmlns:xsl=\"http://www.w3.org/1999/XSL/Transform\">\r\n\r\n<xsl:param name=\"site-path\" select=\"site-path\" />\r\n\r\n<xsl:template match=\"menu-list\">\r\n	<xsl:variable name=\"menu-list\" select=\"menu\" />\r\n\r\n	<script type=\"text/javascript\">\r\n		$(document).ready(function(){\r\n			$(\"#tree\").treeview({\r\n				animated: \"fast\",\r\n				collapsed: false,\r\n				unique: true,\r\n				persist: \"cookie\"\r\n			});\r\n		\r\n		});\r\n	</script>    \r\n	\r\n	<!-- Menu Tree -->      \r\n	<xsl:if test=\"not(string(menu)=\'\')\">\r\n	    <xsl:text disable-output-escaping=\"yes\">		    \r\n            <div class=\"tree4\">		\r\n			<h2>&#160;</h2>\r\n			<ul id=\"tree\" class=\"tree4\">\r\n                <xsl:apply-templates select=\"menu\" />        \r\n			</ul>	\r\n			</div>\r\n		 	 <br />\r\n		</xsl:text> \r\n	</xsl:if>\r\n</xsl:template>\r\n\r\n\r\n<xsl:template match=\"menu\">\r\n    <xsl:variable name=\"index\">\r\n    	<xsl:number level=\"single\" value=\"position()\" />\r\n    </xsl:variable>\r\n		<li>\r\n    <!--<xsl:if test=\"$index &lt; 7\">-->        \r\n          <a href=\"{$site-path}?page_id={page-id}\" target=\"_top\" >\r\n               <xsl:value-of select=\"page-name\" />\r\n           </a>	   \r\n		   <br />\r\n		   <xsl:value-of select=\"page-description\" />\r\n		   <!--<xsl:value-of select=\"page-description\" /><br />-->		   			\r\n			<xsl:apply-templates select=\"sublevel-menu-list\" /> \r\n			\r\n		</li> 	\r\n    <!--</xsl:if>-->\r\n		\r\n</xsl:template>\r\n\r\n<xsl:template match=\"sublevel-menu-list\" > \r\n	\r\n	<xsl:apply-templates select=\"sublevel-menu\" /> 	    	\r\n\r\n</xsl:template>\r\n\r\n\r\n<xsl:template match=\"sublevel-menu\">\r\n   <xsl:variable name=\"index_sous_menu\">\r\n         <xsl:number level=\"single\" value=\"position()\" />\r\n   </xsl:variable>\r\n		 <ul >\r\n			<li>\r\n<!--	<span> -->\r\n				<a href=\"{$site-path}?page_id={page-id}\" target=\"_top\">\r\n					<xsl:value-of select=\"page-name\" />\r\n				</a>\r\n			</li>			\r\n		</ul>\r\n	<!--</span>	-->\r\n		\r\n   \r\n</xsl:template>\r\n\r\n</xsl:stylesheet>\r\n'),(215,'Chemin page','page_path.xsl',_binary '<?xml version=\"1.0\"?>\r\n<xsl:stylesheet version=\"1.0\" xmlns:xsl=\"http://www.w3.org/1999/XSL/Transform\">\r\n\r\n<xsl:param name=\"site-path\" select=\"site-path\" />\r\n\r\n\r\n<xsl:template match=\"page\">\r\n		<xsl:if test=\"position()!=last()-1\">\r\n			<a href=\"{$site-path}?page_id={page-id}\" target=\"_top\"><xsl:value-of select=\"page-name\" /></a> >\r\n		</xsl:if>\r\n		<xsl:if test=\"position()=last()-1\">\r\n			<xsl:value-of select=\"page-name\" />\r\n		</xsl:if>\r\n</xsl:template>\r\n\r\n\r\n<xsl:template match=\"page_link\">\r\n		<xsl:if test=\"position()!=last()-1\">\r\n			<a href=\"{$site-path}?{page-url}\" target=\"_top\"><xsl:value-of select=\"page-name\" /></a> >\r\n		</xsl:if>\r\n		<xsl:if test=\"position()=last()-1\">\r\n			<xsl:value-of select=\"page-name\" />\r\n		</xsl:if>\r\n</xsl:template>\r\n\r\n\r\n</xsl:stylesheet>'),(213,'Menu principal','menu_main.xsl',_binary '<?xml version=\"1.0\"?>\r\n<xsl:stylesheet version=\"1.0\"\r\n	xmlns:xsl=\"http://www.w3.org/1999/XSL/Transform\">\r\n\r\n	<xsl:param name=\"site-path\" select=\"site-path\" />\r\n\r\n	<xsl:template match=\"menu-list\">\r\n		<xsl:apply-templates select=\"menu\" />\r\n	</xsl:template>\r\n\r\n	<xsl:template match=\"menu\">\r\n		<li>\r\n			<a href=\"{$site-path}?page_id={page-id}\" class=\"first-level\" target=\"_top\">\r\n					<xsl:value-of select=\"page-name\" />\r\n			</a>\r\n		</li>\r\n	</xsl:template>\r\n\r\n</xsl:stylesheet>\r\n\r\n'),(211,'Menu Init','menu_init.xsl',_binary '<?xml version=\"1.0\"?>\r\n<xsl:stylesheet version=\"1.0\" xmlns:xsl=\"http://www.w3.org/1999/XSL/Transform\">\r\n\r\n<xsl:param name=\"site-path\" select=\"site-path\" />\r\n\r\n<xsl:template match=\"menu-list\">\r\n<br /><br />\r\n	<div id=\"menu-init\">\r\n		<div id=\"menu-init-content\">\r\n            <ul id=\"menu-verti\">\r\n                <xsl:apply-templates select=\"menu\" />\r\n            </ul>\r\n        </div>\r\n     </div>\r\n</xsl:template>\r\n\r\n\r\n<xsl:template match=\"menu\">\r\n    <xsl:variable name=\"index\">\r\n    	<xsl:number level=\"single\" value=\"position()\" />\r\n    </xsl:variable>\r\n\r\n    <xsl:if test=\"$index &gt; 7\">\r\n        <li class=\"first-verti\">\r\n        	<a href=\"{$site-path}?page_id={page-id}\" target=\"_top\">\r\n          		<xsl:value-of select=\"page-name\" />\r\n	        </a>\r\n    	    <xsl:apply-templates select=\"sublevel-menu-list\" />\r\n        </li>\r\n   </xsl:if>\r\n</xsl:template>\r\n\r\n<xsl:template match=\"sublevel-menu-list\" >\r\n	<ul>\r\n    	<li class=\"last-verti\">\r\n		 	<xsl:apply-templates select=\"sublevel-menu\" />\r\n 	    </li>\r\n    </ul>\r\n</xsl:template>\r\n\r\n<xsl:template match=\"sublevel-menu\">\r\n   <xsl:variable name=\"index_sous_menu\">\r\n         <xsl:number level=\"single\" value=\"position()\" />\r\n   </xsl:variable>\r\n\r\n   <a href=\"{$site-path}?page_id={page-id}\" target=\"_top\">\r\n		<span><xsl:value-of select=\"page-name\" /></span>\r\n   </a>\r\n</xsl:template>\r\n\r\n</xsl:stylesheet>\r\n'),(217,'Plan du site','site_map.xsl',_binary '<?xml version=\"1.0\" encoding=\"ISO-8859-1\"?>\r\n<xsl:stylesheet version=\"1.0\" xmlns:xsl=\"http://www.w3.org/1999/XSL/Transform\">\r\n\r\n<xsl:param name=\"site-path\" select=\"site-path\" />\r\n\r\n\r\n<xsl:template match=\"page[page-level=0]\">\r\n	<div class=\"span-15 prepend-1 append-1 append-bottom\">\r\n		<div class=\"portlet -lutece-border-radius\">\r\n			<xsl:apply-templates select=\"child-pages-list\" />\r\n		</div>\r\n	</div>\r\n</xsl:template>\r\n\r\n\r\n<xsl:template match=\"page[page-level=1]\" >\r\n<ul class=\"site-map-level-one\">\r\n	<li>\r\n		<a href=\"{$site-path}?page_id={page-id}\" target=\"_top\">\r\n			<xsl:value-of select=\"page-name\" />\r\n		</a>\r\n		<xsl:apply-templates select=\"page-description\" />\r\n		<xsl:apply-templates select=\"page-image\" />\r\n		<xsl:apply-templates select=\"child-pages-list\" />\r\n	    <xsl:text disable-output-escaping=\"yes\">\r\n		    <![CDATA[<div class=\"clear\">&#160;</div>]]>\r\n	    </xsl:text>\r\n	</li>\r\n</ul>\r\n</xsl:template>\r\n\r\n\r\n<xsl:template match=\"page[page-level=2]\" >\r\n<ul class=\"site-map-level-two\">\r\n	<li>\r\n		<a href=\"{$site-path}?page_id={page-id}\" target=\"_top\">\r\n			<xsl:value-of select=\"page-name\" />\r\n		</a>\r\n		<xsl:apply-templates select=\"page-description\" />\r\n		<xsl:apply-templates select=\"child-pages-list\" />\r\n	</li>\r\n</ul>\r\n</xsl:template>\r\n\r\n\r\n<xsl:template match=\"page[page-level>2]\" >\r\n<ul class=\"site-map-level-highest\">\r\n	<li>\r\n		<a href=\"{$site-path}?page_id={page-id}\" target=\"_top\">\r\n			<xsl:value-of select=\"page-name\" />\r\n		</a>\r\n		<xsl:apply-templates select=\"page-description\" />\r\n		<xsl:apply-templates select=\"child-pages-list\" />\r\n	</li>\r\n</ul>\r\n</xsl:template>\r\n\r\n\r\n<xsl:template match=\"page-description\">\r\n	<br /><xsl:value-of select=\".\" />\r\n</xsl:template>\r\n\r\n\r\n<xsl:template match=\"child-pages-list[page-level=0]\">\r\n	<xsl:if test=\"count(page)>0\" >\r\n		<xsl:apply-templates select=\"page\" />\r\n    </xsl:if>\r\n</xsl:template>\r\n\r\n\r\n<xsl:template match=\"child-pages-list[page-level=1]\">\r\n	<xsl:if test=\"count(page)>0\" >\r\n		<xsl:apply-templates select=\"page\" />\r\n    </xsl:if>\r\n</xsl:template>\r\n\r\n\r\n<xsl:template match=\"child-pages-list[page-level=2]\">\r\n	<xsl:if test=\"count(page)>0\" >\r\n		<xsl:apply-templates select=\"page\" />\r\n    </xsl:if>\r\n</xsl:template>\r\n\r\n<xsl:template match=\"child-pages-list[page-level>2]\">\r\n	<xsl:if test=\"count(page)>0\" >\r\n		<xsl:apply-templates select=\"page\" />\r\n    </xsl:if>\r\n</xsl:template>\r\n\r\n\r\n<xsl:template match=\"page-image\">\r\n	<div class=\"level-one-image\">\r\n    	<div class=\"polaroid\">\r\n		<img  border=\"0\" width=\"80\" height=\"80\" src=\"images/local/data/pages/{.}\" alt=\"\" />\r\n         </div>\r\n	</div >\r\n</xsl:template>\r\n\r\n\r\n</xsl:stylesheet>\r\n'),(279,'Plan du Site module d\'Administration','admin_site_map_admin.xsl',_binary '<?xml version=\"1.0\"?>\r\n<xsl:stylesheet version=\"1.0\" xmlns:xsl=\"http://www.w3.org/1999/XSL/Transform\">\r\n<xsl:param name=\"site-path\" select=\"site-path\" />\r\n<xsl:variable name=\"current-page-id\" select=\"current-page-id\" />\r\n\r\n<xsl:template match=\"page[page-level=0]\"> \r\n	<div id=\"tree\" class=\"jstree-default\">\r\n		<a href=\"{$site-path}?page_id={page-id}\" title=\"{page-description}\" >\r\n			<xsl:value-of select=\"page-name\" />\r\n			<xsl:if test=\"not(string(page-role)=\'none\')\"> \r\n				<strong><xsl:text disable-output-escaping=\"yes\">- #i18n{portal.site.admin_page.tabAdminMapRoleReserved}</xsl:text>\r\n				<xsl:value-of select=\"page-role\" /></strong>\r\n			</xsl:if>            \r\n		</a>\r\n		<ul>\r\n			<xsl:apply-templates select=\"child-pages-list\" />\r\n		</ul>\r\n	</div>\r\n</xsl:template>\r\n    \r\n<xsl:template match=\"page[page-level>0]\" >\r\n	<xsl:variable name=\"index\" select=\"page-id\" />\r\n	<xsl:variable name=\"description\" select=\"page-description\" />\r\n	\r\n	<li id=\"node-{$index}\">\r\n		<a href=\"{$site-path}?page_id={page-id}\" title=\"{$description}\">\r\n		<xsl:value-of select=\"page-name\" />\r\n			<xsl:if test=\"not(string(page-role)=\'none\')\">\r\n				<strong>\r\n				  <xsl:text disable-output-escaping=\"yes\">#i18n{portal.site.admin_page.tabAdminMapRoleReserved}</xsl:text><xsl:value-of select=\"page-role\" />\r\n				</strong>\r\n			</xsl:if>\r\n		</a>\r\n		<xsl:choose>\r\n			<xsl:when test=\"count(child-pages-list/*)>0\">\r\n				<ul>\r\n				   <xsl:apply-templates select=\"child-pages-list\" />\r\n				</ul>\r\n			</xsl:when>\r\n		   <xsl:otherwise>\r\n				<xsl:apply-templates select=\"child-pages-list\" />\r\n		   </xsl:otherwise>\r\n		</xsl:choose>\r\n	</li>\r\n</xsl:template>\r\n    \r\n<xsl:template match=\"child-pages-list\">\r\n	<xsl:apply-templates select=\"page\" />\r\n</xsl:template>\r\n    \r\n</xsl:stylesheet>\r\n'),(30,'Rubrique Pages filles - D??faut','portlet_childpages_simple.xsl',_binary '<?xml version=\"1.0\"?>\r\n<xsl:stylesheet version=\"1.0\" xmlns:xsl=\"http://www.w3.org/1999/XSL/Transform\">\r\n\r\n<xsl:param name=\"site-path\" select=\"site-path\" />\r\n\r\n<xsl:template match=\"portlet\">\r\n\r\n	<xsl:variable name=\"device_class\">\r\n	<xsl:choose>\r\n		<xsl:when test=\"string(display-on-small-device)=\'0\'\">hidden-phone</xsl:when>\r\n		<xsl:when test=\"string(display-on-normal-device)=\'0\'\">hidden-tablet</xsl:when>\r\n		<xsl:when test=\"string(display-on-large-device)=\'0\'\">hidden-desktop</xsl:when>\r\n		<xsl:otherwise></xsl:otherwise>\r\n	</xsl:choose>\r\n	</xsl:variable>\r\n	\r\n	<div class=\"portlet {$device_class}\">\r\n        <xsl:if test=\"not(string(display-portlet-title)=\'1\')\">\r\n			<div class=\"portlet-header -top\">\r\n				<xsl:value-of disable-output-escaping=\"yes\" select=\"portlet-name\" />\r\n			</div>\r\n        </xsl:if>\r\n		<xsl:if test=\"not(string(display-portlet-title)=\'1\')\">\r\n			<div>\r\n				<xsl:apply-templates select=\"child-pages-portlet\" />\r\n			</div>\r\n        </xsl:if>\r\n		<xsl:if test=\"string(display-portlet-title)=\'1\'\">\r\n			<div class=\"portlet-content\">\r\n				<xsl:apply-templates select=\"child-pages-portlet\" />\r\n			</div>\r\n        </xsl:if>\r\n	</div>\r\n</xsl:template>\r\n\r\n<xsl:template match=\"child-pages-portlet\">\r\n	<ul>\r\n	    <xsl:apply-templates select=\"child-page\" />\r\n	</ul>\r\n</xsl:template>\r\n\r\n<xsl:template match=\"child-page\">\r\n	<li>\r\n		<a href=\"{$site-path}?page_id={child-page-id}\" target=\"_top\">\r\n			<b><xsl:value-of select=\"child-page-name\" /></b>\r\n		</a><br/>\r\n		<xsl:value-of select=\"child-page-description\" /><br/>\r\n	</li>\r\n</xsl:template>\r\n\r\n</xsl:stylesheet>'),(9006,'Rubrique Liste de pages filles - Image','portlet_childpages_image.xsl',_binary '<?xml version=\"1.0\"?>\r\n<xsl:stylesheet version=\"1.0\" xmlns:xsl=\"http://www.w3.org/1999/XSL/Transform\">\r\n\r\n<xsl:param name=\"site-path\" select=\"site-path\" />\r\n\r\n<xsl:template match=\"portlet\">\r\n\r\n	<xsl:variable name=\"device_class\">\r\n	<xsl:choose>\r\n		<xsl:when test=\"string(display-on-small-device)=\'0\'\">hidden-phone</xsl:when>\r\n		<xsl:when test=\"string(display-on-normal-device)=\'0\'\">hidden-tablet</xsl:when>\r\n		<xsl:when test=\"string(display-on-large-device)=\'0\'\">hidden-desktop</xsl:when>\r\n		<xsl:otherwise></xsl:otherwise>\r\n	</xsl:choose>\r\n	</xsl:variable>\r\n\r\n	<div class=\"portlet {$device_class}\">\r\n		<xsl:if test=\"not(string(display-portlet-title)=\'1\')\">\r\n			<h3>\r\n				<xsl:value-of disable-output-escaping=\"yes\" select=\"portlet-name\" />\r\n			</h3>\r\n		</xsl:if>\r\n		<xsl:if test=\"not(string(display-portlet-title)=\'1\')\">\r\n			<xsl:apply-templates select=\"child-pages-portlet\" />\r\n			<xsl:text disable-output-escaping=\"yes\">\r\n					<![CDATA[<div class=\"clearfix\">&#160;</div>]]>\r\n				</xsl:text>\r\n		</xsl:if>\r\n		<xsl:if test=\"string(display-portlet-title)=\'1\'\">\r\n				<xsl:apply-templates select=\"child-pages-portlet\" />\r\n				<xsl:text disable-output-escaping=\"yes\">\r\n					<![CDATA[<div class=\"clearfix\">&#160;</div>]]>\r\n				</xsl:text>\r\n		</xsl:if>\r\n	</div>\r\n</xsl:template>\r\n\r\n\r\n<xsl:template match=\"child-pages-portlet\">\r\n	<ul class=\"unstyled\">\r\n		<xsl:apply-templates select=\"child-page\" />\r\n	</ul>\r\n</xsl:template>\r\n\r\n\r\n<xsl:template match=\"child-page\">\r\n	<li>\r\n 		<a href=\"{$site-path}?page_id={child-page-id}\" target=\"_top\">\r\n		<xsl:apply-templates select=\"child-page-image\" />\r\n			<strong><xsl:value-of select=\"child-page-name\" /></strong>\r\n		</a>\r\n		<br />\r\n		<xsl:value-of select=\"child-page-description\" />\r\n	</li>\r\n</xsl:template>\r\n\r\n\r\n<!-- Format image polaroid -->\r\n<xsl:template match=\"child-page-image\">\r\n    <div class=\"img-polaroid span3\">\r\n       <img src=\"{.}\" alt=\"{../child-page-name}\" />\r\n    </div>\r\n</xsl:template>\r\n\r\n\r\n</xsl:stylesheet>'),(10,'Rubrique HTML - D??faut','portlet_html.xsl',_binary '<?xml version=\"1.0\"?>\r\n<xsl:stylesheet version=\"1.0\" xmlns:xsl=\"http://www.w3.org/1999/XSL/Transform\">\r\n<xsl:output method=\"html\" indent=\"yes\"/>\r\n\r\n<xsl:template match=\"portlet\">\r\n<xsl:variable name=\"device_class\">\r\n<xsl:choose>\r\n	<xsl:when test=\"string(display-on-small-device)=\'0\'\">hidden-phone</xsl:when>\r\n	<xsl:when test=\"string(display-on-normal-device)=\'0\'\">hidden-tablet</xsl:when>\r\n	<xsl:when test=\"string(display-on-large-device)=\'0\'\">hidden-desktop</xsl:when>\r\n	<xsl:otherwise></xsl:otherwise>\r\n</xsl:choose>\r\n</xsl:variable>\r\n\r\n	<div class=\"portlet {$device_class}\">\r\n	<xsl:choose>\r\n	<xsl:when test=\"not(string(display-portlet-title)=\'1\')\">\r\n	<h3><xsl:value-of disable-output-escaping=\"yes\" select=\"portlet-name\" /></h3>\r\n	<xsl:apply-templates select=\"html-portlet\" />\r\n	</xsl:when>\r\n	<xsl:otherwise>\r\n	<xsl:apply-templates select=\"html-portlet\" />\r\n	</xsl:otherwise>\r\n</xsl:choose>\r\n</div>\r\n</xsl:template>\r\n	\r\n<xsl:template match=\"html-portlet\">\r\n	<xsl:apply-templates select=\"html-portlet-content\" />\r\n</xsl:template>\r\n	\r\n<xsl:template match=\"html-portlet-content\">\r\n	<xsl:value-of disable-output-escaping=\"yes\" select=\".\" />\r\n</xsl:template>\r\n\r\n</xsl:stylesheet>\r\n\r\n\r\n\r\n\r\n'),(285,'Rubrique HTML - Fond color??','portlet_html_background.xsl',_binary '<?xml version=\"1.0\"?>\r\n<xsl:stylesheet version=\"1.0\" xmlns:xsl=\"http://www.w3.org/1999/XSL/Transform\">\r\n\r\n<xsl:output method=\"html\" indent=\"yes\"/>\r\n\r\n<xsl:template match=\"portlet\">\r\n\r\n	<xsl:variable name=\"device_class\">\r\n	<xsl:choose>\r\n		<xsl:when test=\"string(display-on-small-device)=\'0\'\">hidden-phone</xsl:when>\r\n		<xsl:when test=\"string(display-on-normal-device)=\'0\'\">hidden-tablet</xsl:when>\r\n		<xsl:when test=\"string(display-on-large-device)=\'0\'\">hidden-desktop</xsl:when>\r\n		<xsl:otherwise></xsl:otherwise>\r\n	</xsl:choose>\r\n	</xsl:variable>\r\n	\r\n	<div class=\"portlet {$device_class}\">\r\n		<div class=\"well\">\r\n		<xsl:choose>\r\n			<xsl:when test=\"not(string(display-portlet-title)=\'1\')\">\r\n				<h2>\r\n					<xsl:value-of disable-output-escaping=\"yes\" select=\"portlet-name\" />\r\n				</h2>\r\n				<div class=\"portlet-background-content -lutece-border-radius-bottom\">\r\n					<xsl:apply-templates select=\"html-portlet\" />\r\n				</div>\r\n			</xsl:when>\r\n			<xsl:otherwise>\r\n				<div class=\"portlet-background-content -lutece-border-radius\">\r\n					<xsl:apply-templates select=\"html-portlet\" />\r\n				</div>\r\n			</xsl:otherwise>\r\n		</xsl:choose>\r\n		</div>\r\n    </div>\r\n</xsl:template>\r\n\r\n<xsl:template match=\"html-portlet\">\r\n	<xsl:apply-templates select=\"html-portlet-content\" />\r\n</xsl:template>\r\n\r\n<xsl:template match=\"html-portlet-content\">\r\n	<xsl:value-of disable-output-escaping=\"yes\" select=\".\" />\r\n</xsl:template>\r\n\r\n</xsl:stylesheet>'),(888,'Rubrique XPage - D??faut','portlet_xpage.xsl',_binary '<?xml version=\"1.0\"?>\r\n<xsl:stylesheet version=\"1.0\" xmlns:xsl=\"http://www.w3.org/1999/XSL/Transform\">\r\n\r\n	<xsl:param name=\"site-path\" select=\"site-path\" />\r\n	<xsl:variable name=\"portlet-id\" select=\"portlet/portlet-id\" />\r\n\r\n	<xsl:template match=\"portlet\">\r\n	\r\n	<xsl:variable name=\"device_class\">\r\n	<xsl:choose>\r\n		<xsl:when test=\"string(display-on-small-device)=\'0\'\">hidden-phone</xsl:when>\r\n		<xsl:otherwise></xsl:otherwise>\r\n	</xsl:choose>\r\n	</xsl:variable>\r\n\r\n	<div class=\"portlet  ${device_class} append-bottom -lutece-border-radius\" id=\"portlet_id_{portlet-id}\">\r\n	        <xsl:if test=\"not(string(display-portlet-title)=\'1\')\">\r\n				<h3 class=\"portlet-header\">\r\n					<xsl:value-of disable-output-escaping=\"yes\" select=\"portlet-name\" />\r\n				</h3>\r\n				<br />\r\n	        </xsl:if>\r\n	\r\n			<div class=\"portlet-content\">\r\n				<xsl:value-of disable-output-escaping=\"yes\" select=\"xpage-content\" />\r\n			</div>\r\n		</div>\r\n	</xsl:template>\r\n\r\n</xsl:stylesheet>\r\n');
/*!40000 ALTER TABLE `core_stylesheet` ENABLE KEYS */;
UNLOCK TABLES;

--
-- Table structure for table `core_template`
--

DROP TABLE IF EXISTS `core_template`;
/*!40101 SET @saved_cs_client     = @@character_set_client */;
/*!50503 SET character_set_client = utf8mb4 */;
CREATE TABLE `core_template` (
  `template_name` varchar(100) COLLATE utf8_unicode_ci NOT NULL,
  `template_value` mediumtext COLLATE utf8_unicode_ci,
  PRIMARY KEY (`template_name`)
) ENGINE=MyISAM DEFAULT CHARSET=utf8 COLLATE=utf8_unicode_ci;
/*!40101 SET character_set_client = @saved_cs_client */;

--
-- Dumping data for table `core_template`
--

LOCK TABLES `core_template` WRITE;
/*!40000 ALTER TABLE `core_template` DISABLE KEYS */;
INSERT INTO `core_template` VALUES ('core_first_alert_mail','Bonjour ${first_name} ! Votre compte utilisateur arrive ?? expiration. Pour prolonger sa validit??, veuillez <a href=\"${url}\">cliquer ici</a>.</br>Si vous ne le faites pas avant le ${date_valid}, il sera d??sactiv??.'),('core_expiration_mail','Bonjour ${first_name} ! Votre compte a expir??. Vous ne pourrez plus vous connecter avec, et les donn??es vous concernant ont ??t?? anonymis??es'),('core_other_alert_mail','Bonjour ${first_name} ! Votre compte utilisateur arrive ?? expiration. Pour prolonger sa validit??, veuillez <a href=\"${url}\">cliquer ici</a>.</br>Si vous ne le faites pas avant le ${date_valid}, il sera d??sactiv??.'),('core_account_reactivated_mail','Bonjour ${first_name} ! Votre compte utilisateur a bien ??t?? r??activ??. Il est d??sormais valable jusqu\'au ${date_valid}.'),('core_password_expired','Bonjour ! Votre mot de passe a expir??. Lors de votre prochaine connexion, vous pourrez le changer.');
/*!40000 ALTER TABLE `core_template` ENABLE KEYS */;
UNLOCK TABLES;

--
-- Table structure for table `core_text_editor`
--

DROP TABLE IF EXISTS `core_text_editor`;
/*!40101 SET @saved_cs_client     = @@character_set_client */;
/*!50503 SET character_set_client = utf8mb4 */;
CREATE TABLE `core_text_editor` (
  `editor_name` varchar(255) COLLATE utf8_unicode_ci NOT NULL,
  `editor_description` varchar(255) COLLATE utf8_unicode_ci NOT NULL,
  `backOffice` smallint NOT NULL,
  PRIMARY KEY (`editor_name`,`backOffice`)
) ENGINE=MyISAM DEFAULT CHARSET=utf8 COLLATE=utf8_unicode_ci;
/*!40101 SET character_set_client = @saved_cs_client */;

--
-- Dumping data for table `core_text_editor`
--

LOCK TABLES `core_text_editor` WRITE;
/*!40000 ALTER TABLE `core_text_editor` DISABLE KEYS */;
INSERT INTO `core_text_editor` VALUES ('tinymce','portal.admindashboard.editors.labelBackTinyMCE',1),('','portal.admindashboard.editors.labelBackNoEditor',1),('','portal.admindashboard.editors.labelFrontNoEditor',0),('markitupbbcode','portal.admindashboard.editors.labelFrontMarkitupBBCode',0);
/*!40000 ALTER TABLE `core_text_editor` ENABLE KEYS */;
UNLOCK TABLES;

--
-- Table structure for table `core_user_password_history`
--

DROP TABLE IF EXISTS `core_user_password_history`;
/*!40101 SET @saved_cs_client     = @@character_set_client */;
/*!50503 SET character_set_client = utf8mb4 */;
CREATE TABLE `core_user_password_history` (
  `id_user` int NOT NULL,
  `password` mediumtext COLLATE utf8_unicode_ci NOT NULL,
  `date_password_change` timestamp NOT NULL DEFAULT CURRENT_TIMESTAMP,
  PRIMARY KEY (`id_user`,`date_password_change`)
) ENGINE=MyISAM DEFAULT CHARSET=utf8 COLLATE=utf8_unicode_ci;
/*!40101 SET character_set_client = @saved_cs_client */;

--
-- Dumping data for table `core_user_password_history`
--

LOCK TABLES `core_user_password_history` WRITE;
/*!40000 ALTER TABLE `core_user_password_history` DISABLE KEYS */;
/*!40000 ALTER TABLE `core_user_password_history` ENABLE KEYS */;
UNLOCK TABLES;

--
-- Table structure for table `core_user_preferences`
--

DROP TABLE IF EXISTS `core_user_preferences`;
/*!40101 SET @saved_cs_client     = @@character_set_client */;
/*!50503 SET character_set_client = utf8mb4 */;
CREATE TABLE `core_user_preferences` (
  `id_user` varchar(100) COLLATE utf8_unicode_ci NOT NULL,
  `pref_key` varchar(100) COLLATE utf8_unicode_ci NOT NULL,
  `pref_value` mediumtext COLLATE utf8_unicode_ci,
  PRIMARY KEY (`id_user`,`pref_key`),
  KEY `index_user_preferences` (`id_user`)
) ENGINE=MyISAM DEFAULT CHARSET=utf8 COLLATE=utf8_unicode_ci;
/*!40101 SET character_set_client = @saved_cs_client */;

--
-- Dumping data for table `core_user_preferences`
--

LOCK TABLES `core_user_preferences` WRITE;
/*!40000 ALTER TABLE `core_user_preferences` DISABLE KEYS */;
/*!40000 ALTER TABLE `core_user_preferences` ENABLE KEYS */;
UNLOCK TABLES;

--
-- Table structure for table `core_user_right`
--

DROP TABLE IF EXISTS `core_user_right`;
/*!40101 SET @saved_cs_client     = @@character_set_client */;
/*!50503 SET character_set_client = utf8mb4 */;
CREATE TABLE `core_user_right` (
  `id_right` varchar(255) COLLATE utf8_unicode_ci NOT NULL DEFAULT '',
  `id_user` int NOT NULL DEFAULT '0',
  PRIMARY KEY (`id_right`,`id_user`),
  KEY `index_user_right` (`id_user`)
) ENGINE=MyISAM DEFAULT CHARSET=utf8 COLLATE=utf8_unicode_ci;
/*!40101 SET character_set_client = @saved_cs_client */;

--
-- Dumping data for table `core_user_right`
--

LOCK TABLES `core_user_right` WRITE;
/*!40000 ALTER TABLE `core_user_right` DISABLE KEYS */;
INSERT INTO `core_user_right` VALUES ('CORE_ADMIN_SITE',1),('CORE_ADMIN_SITE',2),('CORE_ADMINDASHBOARD_MANAGEMENT',1),('CORE_CACHE_MANAGEMENT',1),('CORE_DAEMONS_MANAGEMENT',1),('CORE_DASHBOARD_MANAGEMENT',1),('CORE_EDITORS_MANAGEMENT',1),('CORE_FEATURES_MANAGEMENT',1),('CORE_LEVEL_RIGHT_MANAGEMENT',1),('CORE_LINK_SERVICE_MANAGEMENT',1),('CORE_LINK_SERVICE_MANAGEMENT',2),('CORE_LOGS_VISUALISATION',1),('CORE_MAILINGLISTS_MANAGEMENT',1),('CORE_MODES_MANAGEMENT',1),('CORE_PAGE_TEMPLATE_MANAGEMENT',1),('CORE_PAGE_TEMPLATE_MANAGEMENT',2),('CORE_PLUGINS_MANAGEMENT',1),('CORE_PROPERTIES_MANAGEMENT',1),('CORE_PROPERTIES_MANAGEMENT',2),('CORE_RBAC_MANAGEMENT',1),('CORE_RIGHT_MANAGEMENT',1),('CORE_ROLES_MANAGEMENT',1),('CORE_ROLES_MANAGEMENT',2),('CORE_SEARCH_INDEXATION',1),('CORE_SEARCH_INDEXATION',2),('CORE_SEARCH_MANAGEMENT',1),('CORE_SEARCH_MANAGEMENT',2),('CORE_STYLES_MANAGEMENT',1),('CORE_STYLESHEET_MANAGEMENT',1),('CORE_TEMPLATES_AUTO_INCLUDES_MANAGEMENT',1),('CORE_USERS_MANAGEMENT',1),('CORE_USERS_MANAGEMENT',2),('CORE_WORKGROUPS_MANAGEMENT',1),('CORE_WORKGROUPS_MANAGEMENT',2),('CORE_XSL_EXPORT_MANAGEMENT',1);
/*!40000 ALTER TABLE `core_user_right` ENABLE KEYS */;
UNLOCK TABLES;

--
-- Table structure for table `core_user_role`
--

DROP TABLE IF EXISTS `core_user_role`;
/*!40101 SET @saved_cs_client     = @@character_set_client */;
/*!50503 SET character_set_client = utf8mb4 */;
CREATE TABLE `core_user_role` (
  `role_key` varchar(50) COLLATE utf8_unicode_ci NOT NULL DEFAULT '',
  `id_user` int NOT NULL DEFAULT '0',
  PRIMARY KEY (`role_key`,`id_user`)
) ENGINE=MyISAM DEFAULT CHARSET=utf8 COLLATE=utf8_unicode_ci;
/*!40101 SET character_set_client = @saved_cs_client */;

--
-- Dumping data for table `core_user_role`
--

LOCK TABLES `core_user_role` WRITE;
/*!40000 ALTER TABLE `core_user_role` DISABLE KEYS */;
INSERT INTO `core_user_role` VALUES ('all_site_manager',1),('all_site_manager',2),('appointment_manager',1),('super_admin',1),('super_admin',2),('workflow_manager',1),('workflow_manager',2);
/*!40000 ALTER TABLE `core_user_role` ENABLE KEYS */;
UNLOCK TABLES;

--
-- Table structure for table `core_xsl_export`
--

DROP TABLE IF EXISTS `core_xsl_export`;
/*!40101 SET @saved_cs_client     = @@character_set_client */;
/*!50503 SET character_set_client = utf8mb4 */;
CREATE TABLE `core_xsl_export` (
  `id_xsl_export` int NOT NULL AUTO_INCREMENT,
  `title` varchar(255) COLLATE utf8_unicode_ci DEFAULT NULL,
  `description` varchar(255) COLLATE utf8_unicode_ci DEFAULT NULL,
  `extension` varchar(255) COLLATE utf8_unicode_ci DEFAULT NULL,
  `id_file` int DEFAULT NULL,
  `plugin` varchar(255) COLLATE utf8_unicode_ci DEFAULT '',
  PRIMARY KEY (`id_xsl_export`)
) ENGINE=MyISAM AUTO_INCREMENT=127 DEFAULT CHARSET=utf8 COLLATE=utf8_unicode_ci;
/*!40101 SET character_set_client = @saved_cs_client */;

--
-- Dumping data for table `core_xsl_export`
--

LOCK TABLES `core_xsl_export` WRITE;
/*!40000 ALTER TABLE `core_xsl_export` DISABLE KEYS */;
INSERT INTO `core_xsl_export` VALUES (125,'Coeur - Export CSV des administrateurs','Export des utilisateurs back office dans un fichier CSV','csv',125,'core'),(126,'Coeur - Export XML des administrateurs','Export des utilisateurs back office dans un fichier XML','xml',126,'core');
/*!40000 ALTER TABLE `core_xsl_export` ENABLE KEYS */;
UNLOCK TABLES;

--
-- Table structure for table `enroll_enrollment`
--

DROP TABLE IF EXISTS `enroll_enrollment`;
/*!40101 SET @saved_cs_client     = @@character_set_client */;
/*!50503 SET character_set_client = utf8mb4 */;
CREATE TABLE `enroll_enrollment` (
  `id_enrollment` int NOT NULL,
  `program` varchar(250) COLLATE utf8_unicode_ci NOT NULL DEFAULT '',
  `name` varchar(250) COLLATE utf8_unicode_ci NOT NULL DEFAULT '',
  `email` varchar(250) COLLATE utf8_unicode_ci NOT NULL DEFAULT '',
  `phone` varchar(250) COLLATE utf8_unicode_ci NOT NULL DEFAULT '',
  PRIMARY KEY (`id_enrollment`)
) ENGINE=InnoDB DEFAULT CHARSET=utf8 COLLATE=utf8_unicode_ci;
/*!40101 SET character_set_client = @saved_cs_client */;

--
-- Dumping data for table `enroll_enrollment`
--

LOCK TABLES `enroll_enrollment` WRITE;
/*!40000 ALTER TABLE `enroll_enrollment` DISABLE KEYS */;
/*!40000 ALTER TABLE `enroll_enrollment` ENABLE KEYS */;
UNLOCK TABLES;

--
-- Table structure for table `enroll_portlet`
--

DROP TABLE IF EXISTS `enroll_portlet`;
/*!40101 SET @saved_cs_client     = @@character_set_client */;
/*!50503 SET character_set_client = utf8mb4 */;
CREATE TABLE `enroll_portlet` (
  `id_project` int NOT NULL,
  `id_portlet` int NOT NULL DEFAULT '0',
  `enroll_feed_id` varchar(100) COLLATE utf8_unicode_ci DEFAULT NULL,
  PRIMARY KEY (`id_portlet`)
) ENGINE=MyISAM DEFAULT CHARSET=utf8 COLLATE=utf8_unicode_ci;
/*!40101 SET character_set_client = @saved_cs_client */;

--
-- Dumping data for table `enroll_portlet`
--

LOCK TABLES `enroll_portlet` WRITE;
/*!40000 ALTER TABLE `enroll_portlet` DISABLE KEYS */;
/*!40000 ALTER TABLE `enroll_portlet` ENABLE KEYS */;
UNLOCK TABLES;

--
-- Table structure for table `enroll_project`
--

DROP TABLE IF EXISTS `enroll_project`;
/*!40101 SET @saved_cs_client     = @@character_set_client */;
/*!50503 SET character_set_client = utf8mb4 */;
CREATE TABLE `enroll_project` (
  `id_project` int NOT NULL,
  `name` varchar(250) COLLATE utf8_unicode_ci NOT NULL DEFAULT '',
  `size` int NOT NULL DEFAULT '0',
  `currentsize` int NOT NULL DEFAULT '0',
  `active` int NOT NULL DEFAULT '1',
  PRIMARY KEY (`id_project`)
) ENGINE=InnoDB DEFAULT CHARSET=utf8 COLLATE=utf8_unicode_ci;
/*!40101 SET character_set_client = @saved_cs_client */;

--
-- Dumping data for table `enroll_project`
--

LOCK TABLES `enroll_project` WRITE;
/*!40000 ALTER TABLE `enroll_project` DISABLE KEYS */;
/*!40000 ALTER TABLE `enroll_project` ENABLE KEYS */;
UNLOCK TABLES;

--
-- Table structure for table `genatt_entry`
--

DROP TABLE IF EXISTS `genatt_entry`;
/*!40101 SET @saved_cs_client     = @@character_set_client */;
/*!50503 SET character_set_client = utf8mb4 */;
CREATE TABLE `genatt_entry` (
  `id_entry` int NOT NULL DEFAULT '0',
  `id_resource` int NOT NULL DEFAULT '0',
  `resource_type` varchar(255) COLLATE utf8_unicode_ci NOT NULL,
  `id_type` int NOT NULL DEFAULT '0',
  `id_parent` int DEFAULT NULL,
  `title` mediumtext COLLATE utf8_unicode_ci,
  `code` varchar(20) COLLATE utf8_unicode_ci DEFAULT NULL,
  `help_message` mediumtext COLLATE utf8_unicode_ci,
  `comment` mediumtext COLLATE utf8_unicode_ci,
  `mandatory` smallint DEFAULT NULL,
  `fields_in_line` smallint DEFAULT NULL,
  `pos` int DEFAULT NULL,
  `id_field_depend` int DEFAULT NULL,
  `confirm_field` smallint DEFAULT NULL,
  `confirm_field_title` mediumtext COLLATE utf8_unicode_ci,
  `field_unique` smallint DEFAULT NULL,
  `map_provider` varchar(45) COLLATE utf8_unicode_ci DEFAULT NULL,
  `css_class` varchar(255) COLLATE utf8_unicode_ci DEFAULT NULL,
  `pos_conditional` int DEFAULT '0',
  `error_message` mediumtext COLLATE utf8_unicode_ci,
  `num_row` smallint DEFAULT '0',
  `num_column` smallint DEFAULT '0',
  `is_role_associated` smallint DEFAULT '0',
  `is_only_display_back` smallint DEFAULT '0',
  PRIMARY KEY (`id_entry`),
  KEY `index_genatt_entry_resource` (`id_resource`),
  KEY `index_genatt_entry_parent` (`id_parent`),
  KEY `fk_genatt_entry_type` (`id_type`)
) ENGINE=MyISAM DEFAULT CHARSET=utf8 COLLATE=utf8_unicode_ci;
/*!40101 SET character_set_client = @saved_cs_client */;

--
-- Dumping data for table `genatt_entry`
--

LOCK TABLES `genatt_entry` WRITE;
/*!40000 ALTER TABLE `genatt_entry` DISABLE KEYS */;
/*!40000 ALTER TABLE `genatt_entry` ENABLE KEYS */;
UNLOCK TABLES;

--
-- Table structure for table `genatt_entry_type`
--

DROP TABLE IF EXISTS `genatt_entry_type`;
/*!40101 SET @saved_cs_client     = @@character_set_client */;
/*!50503 SET character_set_client = utf8mb4 */;
CREATE TABLE `genatt_entry_type` (
  `id_type` int NOT NULL DEFAULT '0',
  `title` varchar(255) COLLATE utf8_unicode_ci DEFAULT NULL,
  `is_group` smallint DEFAULT NULL,
  `is_comment` int DEFAULT NULL,
  `is_mylutece_user` smallint DEFAULT NULL,
  `class_name` varchar(255) COLLATE utf8_unicode_ci DEFAULT NULL,
  `plugin` varchar(255) COLLATE utf8_unicode_ci NOT NULL,
  PRIMARY KEY (`id_type`),
  KEY `index_genatt_entry_type_plugin` (`plugin`)
) ENGINE=MyISAM DEFAULT CHARSET=utf8 COLLATE=utf8_unicode_ci;
/*!40101 SET character_set_client = @saved_cs_client */;

--
-- Dumping data for table `genatt_entry_type`
--

LOCK TABLES `genatt_entry_type` WRITE;
/*!40000 ALTER TABLE `genatt_entry_type` DISABLE KEYS */;
INSERT INTO `genatt_entry_type` VALUES (101,'Bouton radio',0,0,0,'appointment.entryTypeRadioButton','appointment'),(102,'Case ?? cocher',0,0,0,'appointment.entryTypeCheckBox','appointment'),(103,'Commentaire',0,1,0,'appointment.entryTypeComment','appointment'),(104,'Date',0,0,0,'appointment.entryTypeDate','appointment'),(105,'Liste d??roulante',0,0,0,'appointment.entryTypeSelect','appointment'),(106,'Zone de texte court',0,0,0,'appointment.entryTypeText','appointment'),(107,'Zone de texte long',0,0,0,'appointment.entryTypeTextArea','appointment'),(108,'Num??rotation',0,0,0,'appointment.entryTypeNumbering','appointment'),(109,'Regroupement',1,0,0,'appointment.entryTypeGroup','appointment'),(110,'Liste d??roulante SQL',0,0,0,'appointment.entryTypeSelectSQL','appointment'),(111,'G??olocalisation',0,0,0,'appointment.entryTypeGeolocation','appointment'),(112,'Session',0,0,0,'appointment.entryTypeSession','appointment'),(113,'Utilisateur MyLutece',0,0,1,'appointment.entryTypeMyLuteceUser','appointment'),(114,'Image',0,0,0,'appointment.entryTypeImage','appointment'),(115,'Fichier',0,0,0,'appointment.entryTypeFile','appointment'),(116,'Num??ro de t??l??phone',0,0,0,'appointment.entryTypePhone','appointment');
/*!40000 ALTER TABLE `genatt_entry_type` ENABLE KEYS */;
UNLOCK TABLES;

--
-- Table structure for table `genatt_field`
--

DROP TABLE IF EXISTS `genatt_field`;
/*!40101 SET @saved_cs_client     = @@character_set_client */;
/*!50503 SET character_set_client = utf8mb4 */;
CREATE TABLE `genatt_field` (
  `id_field` int NOT NULL DEFAULT '0',
  `id_entry` int NOT NULL DEFAULT '0',
  `title` varchar(255) COLLATE utf8_unicode_ci DEFAULT NULL,
  `code` varchar(20) COLLATE utf8_unicode_ci DEFAULT NULL,
  `value` mediumtext COLLATE utf8_unicode_ci,
  `height` int DEFAULT NULL,
  `width` int DEFAULT NULL,
  `default_value` smallint DEFAULT NULL,
  `max_size_enter` int DEFAULT NULL,
  `pos` int DEFAULT NULL,
  `value_type_date` date DEFAULT NULL,
  `no_display_title` smallint DEFAULT NULL,
  `comment` mediumtext COLLATE utf8_unicode_ci,
  `role_key` varchar(50) COLLATE utf8_unicode_ci DEFAULT NULL,
  `image_type` varchar(50) COLLATE utf8_unicode_ci DEFAULT NULL,
  PRIMARY KEY (`id_field`),
  KEY `index_genatt_field_entry` (`id_entry`)
) ENGINE=MyISAM DEFAULT CHARSET=utf8 COLLATE=utf8_unicode_ci;
/*!40101 SET character_set_client = @saved_cs_client */;

--
-- Dumping data for table `genatt_field`
--

LOCK TABLES `genatt_field` WRITE;
/*!40000 ALTER TABLE `genatt_field` DISABLE KEYS */;
/*!40000 ALTER TABLE `genatt_field` ENABLE KEYS */;
UNLOCK TABLES;

--
-- Table structure for table `genatt_response`
--

DROP TABLE IF EXISTS `genatt_response`;
/*!40101 SET @saved_cs_client     = @@character_set_client */;
/*!50503 SET character_set_client = utf8mb4 */;
CREATE TABLE `genatt_response` (
  `id_response` int NOT NULL DEFAULT '0',
  `response_value` mediumtext COLLATE utf8_unicode_ci,
  `id_entry` int DEFAULT NULL,
  `id_field` int DEFAULT NULL,
  `id_file` int DEFAULT NULL,
  `status` smallint DEFAULT '1',
  PRIMARY KEY (`id_response`),
  KEY `index_genatt_response_entry` (`id_entry`)
) ENGINE=MyISAM DEFAULT CHARSET=utf8 COLLATE=utf8_unicode_ci;
/*!40101 SET character_set_client = @saved_cs_client */;

--
-- Dumping data for table `genatt_response`
--

LOCK TABLES `genatt_response` WRITE;
/*!40000 ALTER TABLE `genatt_response` DISABLE KEYS */;
/*!40000 ALTER TABLE `genatt_response` ENABLE KEYS */;
UNLOCK TABLES;

--
-- Table structure for table `genatt_verify_by`
--

DROP TABLE IF EXISTS `genatt_verify_by`;
/*!40101 SET @saved_cs_client     = @@character_set_client */;
/*!50503 SET character_set_client = utf8mb4 */;
CREATE TABLE `genatt_verify_by` (
  `id_field` int NOT NULL DEFAULT '0',
  `id_expression` int NOT NULL DEFAULT '0',
  PRIMARY KEY (`id_field`,`id_expression`),
  KEY `index_genatt_verify_by_field` (`id_field`)
) ENGINE=MyISAM DEFAULT CHARSET=utf8 COLLATE=utf8_unicode_ci;
/*!40101 SET character_set_client = @saved_cs_client */;

--
-- Dumping data for table `genatt_verify_by`
--

LOCK TABLES `genatt_verify_by` WRITE;
/*!40000 ALTER TABLE `genatt_verify_by` DISABLE KEYS */;
/*!40000 ALTER TABLE `genatt_verify_by` ENABLE KEYS */;
UNLOCK TABLES;

--
-- Table structure for table `html_portlet`
--

DROP TABLE IF EXISTS `html_portlet`;
/*!40101 SET @saved_cs_client     = @@character_set_client */;
/*!50503 SET character_set_client = utf8mb4 */;
CREATE TABLE `html_portlet` (
  `id_portlet` int NOT NULL DEFAULT '0',
  `html` mediumtext COLLATE utf8_unicode_ci,
  PRIMARY KEY (`id_portlet`)
) ENGINE=MyISAM DEFAULT CHARSET=utf8 COLLATE=utf8_unicode_ci;
/*!40101 SET character_set_client = @saved_cs_client */;

--
-- Dumping data for table `html_portlet`
--

LOCK TABLES `html_portlet` WRITE;
/*!40000 ALTER TABLE `html_portlet` DISABLE KEYS */;
INSERT INTO `html_portlet` VALUES (1,''),(2,'<ul class=\"features\"> \n <li>Lutece is FreeSoftware. Full OpenSource licensed under BSD.</li> \n <li>Full responsive design Back and Front</li> \n <li>Compliant with Twitter Bootstrap themes</li> \n <li>Very modular and flexible architecture based on plugins, APIs, IoC</li> \n <li>Over 300 plugins available for many needs : Content Management, Collaborative, Workflows, ...</li> \n <li>Runs on Java Platform and rely on powerful build tools such as Apache Maven</li> \n <li>Uses best of breed Java Open Source stacks : Lucene, Spring, Ehcache, Freemarker, ...</li> \n</ul> \n<p class=\"logo\">&nbsp;</p>'),(4,'<h2>Get into the Back Office of this demo site</h2> \n<p class=\"mb20\">Sign in as administrator with <em>admin/adminadmin</em>.</p> \n<p><a class=\"btn btn-primary\" title=\"Access to admin [Open  in new window]\" href=\"jsp/admin/AdminLogin.jsp\" target=\"\"><span class=\"fa fa-door-open\">&nbsp;</span> Enter Back Office</a></p> \n<p>&nbsp;</p>'),(5,'<h3>Resources</h3> \n<hr> \n<div class=\"row\"> \n <div class=\"col-xs-12 col-sm-6\"> \n  <div class=\"media\"> \n   <div class=\"media-left\">\n    <a title=\"GitHub site [Open  in new window]\" href=\"https://github.com/lutece-platform\" target=\"_blank\"><img class=\"media-object\" src=\"images/local/skin/github-logo.png\" alt=\"Github logo\" width=\"100px\"> </a>\n   </div> \n   <div class=\"media-body\"> \n    <h4 class=\"media-heading\">Access to our code repository</h4> \n   </div> \n  </div> \n  <div class=\"media\"> \n   <div class=\"media-left\">\n    <a title=\"Docker Hub site [Open  in new window]\" href=\"https://hub.docker.com/u/lutece\" target=\"_blank\"><img class=\"media-object\" src=\"images/local/skin/docker-logo.png\" alt=\"Docker images\" width=\"100px\"> </a>\n   </div> \n   <div class=\"media-body\"> \n    <h4 class=\"media-heading\">Grab some Docker images to run demos</h4> \n   </div> \n  </div> \n </div> \n <div class=\"col-xs-12 col-sm-6\"> \n  <div class=\"media\"> \n   <div class=\"media-left\">\n    <a title=\"Lutece Wiki site [Open  in new window]\" href=\"https://fr.lutece.paris.fr/fr/jsp/site/Portal.jsp?page=wiki&amp;action=changeLanguage&amp;page_name=home&amp;language=en\" target=\"_blank\"> <img class=\"media-object\" src=\"images/local/skin/wiki-logo.png\" alt=\"WIKI\" width=\"100px\"> </a>\n   </div> \n   <div class=\"media-body\"> \n    <h4 class=\"media-heading\">Read our technical documentation</h4> \n   </div> \n  </div> \n  <div class=\"media\"> \n   <div class=\"media-left\">\n    <a title=\" Twitter Site [Open  in new window]\" href=\"https://twitter.com/LuteceNews\" target=\"_blank\"> <img class=\"media-object\" src=\"images/local/skin/twitter-logo.png\" alt=\"Twitter logo\" width=\"100px\"> </a>\n   </div> \n   <div class=\"media-body\"> \n    <h4 class=\"media-heading\">Follow us on Twitter</h4> \n   </div> \n  </div> \n </div> \n</div>');
/*!40000 ALTER TABLE `html_portlet` ENABLE KEYS */;
UNLOCK TABLES;

--
-- Table structure for table `regularexpression_regular_expression`
--

DROP TABLE IF EXISTS `regularexpression_regular_expression`;
/*!40101 SET @saved_cs_client     = @@character_set_client */;
/*!50503 SET character_set_client = utf8mb4 */;
CREATE TABLE `regularexpression_regular_expression` (
  `id_expression` int NOT NULL DEFAULT '0',
  `title` varchar(255) COLLATE utf8_unicode_ci DEFAULT NULL,
  `regular_expression_value` mediumtext COLLATE utf8_unicode_ci,
  `valid_exemple` mediumtext COLLATE utf8_unicode_ci,
  `information_message` mediumtext COLLATE utf8_unicode_ci,
  `error_message` mediumtext COLLATE utf8_unicode_ci,
  PRIMARY KEY (`id_expression`)
) ENGINE=MyISAM DEFAULT CHARSET=utf8 COLLATE=utf8_unicode_ci;
/*!40101 SET character_set_client = @saved_cs_client */;

--
-- Dumping data for table `regularexpression_regular_expression`
--

LOCK TABLES `regularexpression_regular_expression` WRITE;
/*!40000 ALTER TABLE `regularexpression_regular_expression` DISABLE KEYS */;
INSERT INTO `regularexpression_regular_expression` VALUES (1,'Fichier JPG','image/jpeg','image/jpeg','Expression r??guli??re pour les fichiers de type jpeg.','Le format du fichier n\'est pas valide. Veuillez choisir une image de type jpeg.'),(2,'Email','(^([a-zA-Z0-9]+(([\\.\\-\\_]?[a-zA-Z0-9]+)+)?)\\@(([a-zA-Z0-9]+[\\.\\-\\_])+[a-zA-Z]{2,4})$)|(^$)','admin@lutece.fr','Expression r??guli??re pour les emails.','Le format de l\'email est incorrect.');
/*!40000 ALTER TABLE `regularexpression_regular_expression` ENABLE KEYS */;
UNLOCK TABLES;

--
-- Table structure for table `workflow_action`
--

DROP TABLE IF EXISTS `workflow_action`;
/*!40101 SET @saved_cs_client     = @@character_set_client */;
/*!50503 SET character_set_client = utf8mb4 */;
CREATE TABLE `workflow_action` (
  `id_action` int NOT NULL AUTO_INCREMENT,
  `name` varchar(255) COLLATE utf8_unicode_ci DEFAULT NULL,
  `description` mediumtext COLLATE utf8_unicode_ci,
  `id_workflow` int DEFAULT NULL,
  `id_state_before` int DEFAULT NULL,
  `id_state_after` int DEFAULT NULL,
  `id_icon` int DEFAULT NULL,
  `is_automatic` smallint DEFAULT '0',
  `is_mass_action` smallint DEFAULT '0',
  `display_order` int DEFAULT '0',
  `is_automatic_reflexive_action` smallint DEFAULT '0',
  PRIMARY KEY (`id_action`),
  KEY `action_id_workflow_fk` (`id_workflow`),
  KEY `action_id_state_before_fk` (`id_state_before`),
  KEY `action_id_state_after_fk` (`id_state_after`),
  KEY `action_id_icon_fk` (`id_icon`)
) ENGINE=MyISAM DEFAULT CHARSET=utf8 COLLATE=utf8_unicode_ci;
/*!40101 SET character_set_client = @saved_cs_client */;

--
-- Dumping data for table `workflow_action`
--

LOCK TABLES `workflow_action` WRITE;
/*!40000 ALTER TABLE `workflow_action` DISABLE KEYS */;
/*!40000 ALTER TABLE `workflow_action` ENABLE KEYS */;
UNLOCK TABLES;

--
-- Table structure for table `workflow_action_action`
--

DROP TABLE IF EXISTS `workflow_action_action`;
/*!40101 SET @saved_cs_client     = @@character_set_client */;
/*!50503 SET character_set_client = utf8mb4 */;
CREATE TABLE `workflow_action_action` (
  `id_action` int NOT NULL DEFAULT '0',
  `id_linked_action` int NOT NULL DEFAULT '0',
  PRIMARY KEY (`id_action`,`id_linked_action`)
) ENGINE=MyISAM DEFAULT CHARSET=utf8 COLLATE=utf8_unicode_ci;
/*!40101 SET character_set_client = @saved_cs_client */;

--
-- Dumping data for table `workflow_action_action`
--

LOCK TABLES `workflow_action_action` WRITE;
/*!40000 ALTER TABLE `workflow_action_action` DISABLE KEYS */;
/*!40000 ALTER TABLE `workflow_action_action` ENABLE KEYS */;
UNLOCK TABLES;

--
-- Table structure for table `workflow_assignment_history`
--

DROP TABLE IF EXISTS `workflow_assignment_history`;
/*!40101 SET @saved_cs_client     = @@character_set_client */;
/*!50503 SET character_set_client = utf8mb4 */;
CREATE TABLE `workflow_assignment_history` (
  `id_history` int NOT NULL DEFAULT '0',
  `id_task` int NOT NULL,
  `workgroup_key` varchar(255) COLLATE utf8_unicode_ci NOT NULL,
  PRIMARY KEY (`id_history`,`id_task`,`workgroup_key`),
  KEY `assignment_id_history_fk` (`id_history`),
  KEY `assignment_id_task_fk` (`id_task`)
) ENGINE=MyISAM DEFAULT CHARSET=utf8 COLLATE=utf8_unicode_ci;
/*!40101 SET character_set_client = @saved_cs_client */;

--
-- Dumping data for table `workflow_assignment_history`
--

LOCK TABLES `workflow_assignment_history` WRITE;
/*!40000 ALTER TABLE `workflow_assignment_history` DISABLE KEYS */;
/*!40000 ALTER TABLE `workflow_assignment_history` ENABLE KEYS */;
UNLOCK TABLES;

--
-- Table structure for table `workflow_icon`
--

DROP TABLE IF EXISTS `workflow_icon`;
/*!40101 SET @saved_cs_client     = @@character_set_client */;
/*!50503 SET character_set_client = utf8mb4 */;
CREATE TABLE `workflow_icon` (
  `id_icon` int NOT NULL AUTO_INCREMENT,
  `name` varchar(255) COLLATE utf8_unicode_ci DEFAULT NULL,
  `mime_type` varchar(50) COLLATE utf8_unicode_ci DEFAULT NULL,
  `file_value` mediumblob,
  `width` int DEFAULT NULL,
  `height` int DEFAULT NULL,
  PRIMARY KEY (`id_icon`)
) ENGINE=MyISAM AUTO_INCREMENT=4 DEFAULT CHARSET=utf8 COLLATE=utf8_unicode_ci;
/*!40101 SET character_set_client = @saved_cs_client */;

--
-- Dumping data for table `workflow_icon`
--

LOCK TABLES `workflow_icon` WRITE;
/*!40000 ALTER TABLE `workflow_icon` DISABLE KEYS */;
INSERT INTO `workflow_icon` VALUES (1,'Valider','image/png',_binary 'PNG\r\n\Z\n\0\0\0\rIHDR\0\0\0\0\0\0\0\0\0\\\0\0PLTE\\\\\\\\\\\\\\\\\\\wc}}}O~GqNNN\r\\\\\\\\\\\\\\\\\\\\\\\\\\\\\\\\\\\\\\\\\\\\\\\\\\\\\\\\\\\\\\\\\\\\\\}zxvrfb_]YXWUTyyywwwuuuN}sssLynnnItHsGr[htGlBjBi___@f]^^=b<`VY[<_~PZ`VVV5VtOOOKOR3Rn3Qk2Qm@LT:M^HHH<AC<?A)AX<<<1>I(=Q&<Q$:O\'9J&9I$7I,5;-01!2B&08,,,-=+:\'\'\'#(,%%%$$$(	\S%\0\0\0tRNS\0@\\f\0\0\0IDATx\c`Ffl\\bb\ZX$llKx90\\rE\)U\/\f\Ue\Zu;yY\|V&\Z\S?\Xu7Y6\\Z\\5pV\;10\\\r#fv\\c\r\\dtgOtOX{J\05\n\L\nTFq+Kz}Tm\[BBE%R5N$&R\I\\2i	z,\U\!%\'Gp`:%v5Vi\0\0\K+; \\0\0\0\0IENDB`',14,14),(2,'Refuser','image/png',_binary 'PNG\r\n\Z\n\0\0\0\rIHDR\0\0\0\0\0\0\0\0\0\\\0\0CPLTE\L6\\\\\\\\\\\\\\\;\":\"\\\\\\\\\\\\\\\\\;\\\\\\\\\\\\\\\\\\\\\\\\xhqqq\N7\M7\M6mmm;\";\";\"___;\";\";\";$9\"\\\\\\8!WWWTTT.NL<--\\\\\\\\\\\\\\\\\\\\\\\\\\\\\\\\\\\\\\\\\\}\p\p[\o[\ra\ra\m[n^\fS\cN\_I~~~zzzcTxxxvvv\VA\R:ttt[Jrrrnnn\M6llljjj\F/\A)cccF2?\'?(=%\;\">\'<$=&:\":#9\"9\"7 6 :&5!QQQ11/0//,&&>>>P3.;86e$F/*\\%50.W!B 9\";\Z&&&<N\rI$$$3A7\Z5.- ,.107%\Z&\Z/$(\n\"\r#%\n,!			Vo\0\0\0tRNS\0@\\f\0\0sIDATx\c`.fcq\1s\kAK\qAfdr0kS7K\1%e\Y\nq00\.4\\\\r\\<ESK}F8\xIT\\YxxXflInL\jW5\;`Ndb\\7,*\\W \\\nw/+{%/j\\\H^\\6Z\\\kl!i\w&\\r5MzmVH>k\'l-\\nfGPww(\\-k\\\l\'[[ef\j.?\%\\\(Wb0P\X%\"\\dY\$L\UV	A\b[]\'\\h\'u\\\PK\Ed\\\Uv#=\\l\nN6H\\c3q\K\071P\\\\\0\0\0\0IENDB`',14,14),(3,'Commentaire','image/png',_binary 'PNG\r\n\Z\n\0\0\0\rIHDR\0\0\0 \0\0\0 \0\0\0szz\\0\0\0gAMA\0\0\\\0\0xIDATxMl\\\e\\\rd\4!(@\\"N8J{\mjHQR7\j*=*U\\\n@|\@Ll\uL$\'1g<\3\>=D\v~\4\\\y\y\\0g	n\\O\<\\4-\\0+\x\\\\x<M$	\H$\m:~]\0\s\\w:wuu\\vlA$I\\rH&\\xKKKQV\l\"$I\\ ~Y	`\\\l\T(H7&es9\f\\(\SPJ511\\skWH\2\dln\	N@\e\q0Ms\\j\rB!\\	xGN\Lb~dz>\Z \q\Z1\vhh\\\\\v\\\\Y\nP]Ws|ZK,}}\0c\\aQqp8]$Y=:244t\I$Y\\\\\0\\,X\Z\Z:0\0i\ \\}\[,\\	\KWc\\utt\\\\\\\?-,,cE?\\\8\\\4\\n\0\\\\0Y \`0=g\{an^Vd3\<\\%	*\\r	\0UU166v+=\0ONR]\\\\{Wo\>\\=$a/PN\\x\ZY+]$!Hk\FEf=<\^z\*\nN\\\\nW>($\\_ce~m\UU\v`0\Z3\\\Z\\0g<yX,\\\x<(H*||(\g\0d^\"R%899e\\\\\\\x\\p?\Q]U\"\V\\\0/_\\}\\\0\X\u\w\\Re<]\nEqx/[\}K9a\\\K\zF4\Z\0\ZPYo]y. \z\lZ\'\r`h7\\nSL\0Do&:t\\@(\\08\0\\2,Rl6[\\\\\T*EDDaa(\n]|DQ;v#G\[DDd&iFQ>\\/[UURU2y3\0$@ggg\\K&\0M\Gw\&\0\\\JW\\!UUI\u\4m#:@&!EQ\\\\\08{\\o\,-//`37ohpp\0\\L&C\UU\i\ZI?\ZZZ\0H?\s\v;\0\\\p\\I|>\\\B$477\j1\0 \"\\0c@8s\\WD\\0JNQ\4\\G\;)\S*\"EQ(JQ8\\\Y\0{i^1pZ\\~1	\q\ \"l69H\0\0\\\J\\' kjj\\rC&cL\$]\\0\"\"Z]]h4J<H$BDD\\@?\\4$B\i9\\\k&\\4^~t:@eF\* \0.\nb> Q\\\\k\nwC{{{CgggM__V+\0`qq\x<>_)B?\i7@Z\?r\\n\\\|X,\\O\%\0\0\\0\\h0@o\z*\M]<6\H \0\0\0\0IENDB`',14,14);
/*!40000 ALTER TABLE `workflow_icon` ENABLE KEYS */;
UNLOCK TABLES;

--
-- Table structure for table `workflow_prerequisite`
--

DROP TABLE IF EXISTS `workflow_prerequisite`;
/*!40101 SET @saved_cs_client     = @@character_set_client */;
/*!50503 SET character_set_client = utf8mb4 */;
CREATE TABLE `workflow_prerequisite` (
  `id_prerequisite` int NOT NULL,
  `id_action` int NOT NULL,
  `prerequisite_type` varchar(255) COLLATE utf8_unicode_ci NOT NULL,
  PRIMARY KEY (`id_prerequisite`)
) ENGINE=MyISAM DEFAULT CHARSET=utf8 COLLATE=utf8_unicode_ci;
/*!40101 SET character_set_client = @saved_cs_client */;

--
-- Dumping data for table `workflow_prerequisite`
--

LOCK TABLES `workflow_prerequisite` WRITE;
/*!40000 ALTER TABLE `workflow_prerequisite` DISABLE KEYS */;
/*!40000 ALTER TABLE `workflow_prerequisite` ENABLE KEYS */;
UNLOCK TABLES;

--
-- Table structure for table `workflow_prerequisite_duration_cf`
--

DROP TABLE IF EXISTS `workflow_prerequisite_duration_cf`;
/*!40101 SET @saved_cs_client     = @@character_set_client */;
/*!50503 SET character_set_client = utf8mb4 */;
CREATE TABLE `workflow_prerequisite_duration_cf` (
  `id_prerequisite` int NOT NULL,
  `duration` int NOT NULL,
  PRIMARY KEY (`id_prerequisite`)
) ENGINE=MyISAM DEFAULT CHARSET=utf8 COLLATE=utf8_unicode_ci;
/*!40101 SET character_set_client = @saved_cs_client */;

--
-- Dumping data for table `workflow_prerequisite_duration_cf`
--

LOCK TABLES `workflow_prerequisite_duration_cf` WRITE;
/*!40000 ALTER TABLE `workflow_prerequisite_duration_cf` DISABLE KEYS */;
/*!40000 ALTER TABLE `workflow_prerequisite_duration_cf` ENABLE KEYS */;
UNLOCK TABLES;

--
-- Table structure for table `workflow_resource_history`
--

DROP TABLE IF EXISTS `workflow_resource_history`;
/*!40101 SET @saved_cs_client     = @@character_set_client */;
/*!50503 SET character_set_client = utf8mb4 */;
CREATE TABLE `workflow_resource_history` (
  `id_history` int NOT NULL AUTO_INCREMENT,
  `id_resource` int DEFAULT NULL,
  `resource_type` varchar(255) COLLATE utf8_unicode_ci DEFAULT NULL,
  `id_workflow` int DEFAULT NULL,
  `id_action` int DEFAULT NULL,
  `creation_date` timestamp NOT NULL DEFAULT CURRENT_TIMESTAMP,
  `user_access_code` varchar(255) COLLATE utf8_unicode_ci DEFAULT NULL,
  PRIMARY KEY (`id_history`),
  KEY `history_id_workflow_fk` (`id_workflow`),
  KEY `history_id_action_fk` (`id_action`)
) ENGINE=MyISAM DEFAULT CHARSET=utf8 COLLATE=utf8_unicode_ci;
/*!40101 SET character_set_client = @saved_cs_client */;

--
-- Dumping data for table `workflow_resource_history`
--

LOCK TABLES `workflow_resource_history` WRITE;
/*!40000 ALTER TABLE `workflow_resource_history` DISABLE KEYS */;
/*!40000 ALTER TABLE `workflow_resource_history` ENABLE KEYS */;
UNLOCK TABLES;

--
-- Table structure for table `workflow_resource_workflow`
--

DROP TABLE IF EXISTS `workflow_resource_workflow`;
/*!40101 SET @saved_cs_client     = @@character_set_client */;
/*!50503 SET character_set_client = utf8mb4 */;
CREATE TABLE `workflow_resource_workflow` (
  `id_resource` int NOT NULL DEFAULT '0',
  `resource_type` varchar(255) COLLATE utf8_unicode_ci NOT NULL,
  `id_state` int DEFAULT NULL,
  `id_workflow` int NOT NULL,
  `id_external_parent` int DEFAULT NULL,
  `is_associated_workgroups` smallint DEFAULT '0',
  PRIMARY KEY (`id_resource`,`resource_type`,`id_workflow`),
  KEY `workflow_resource_workflow_id_resource_fk` (`id_resource`),
  KEY `workflow_resource_workflow_resource_type_fk` (`resource_type`),
  KEY `workflow_resource_workflow_id_workflow_fk` (`id_workflow`),
  KEY `fk_document_id_state` (`id_state`)
) ENGINE=MyISAM DEFAULT CHARSET=utf8 COLLATE=utf8_unicode_ci;
/*!40101 SET character_set_client = @saved_cs_client */;

--
-- Dumping data for table `workflow_resource_workflow`
--

LOCK TABLES `workflow_resource_workflow` WRITE;
/*!40000 ALTER TABLE `workflow_resource_workflow` DISABLE KEYS */;
/*!40000 ALTER TABLE `workflow_resource_workflow` ENABLE KEYS */;
UNLOCK TABLES;

--
-- Table structure for table `workflow_resource_workgroup`
--

DROP TABLE IF EXISTS `workflow_resource_workgroup`;
/*!40101 SET @saved_cs_client     = @@character_set_client */;
/*!50503 SET character_set_client = utf8mb4 */;
CREATE TABLE `workflow_resource_workgroup` (
  `id_resource` int NOT NULL DEFAULT '0',
  `resource_type` varchar(255) COLLATE utf8_unicode_ci DEFAULT NULL,
  `id_workflow` int DEFAULT NULL,
  `workgroup_key` varchar(255) COLLATE utf8_unicode_ci DEFAULT NULL,
  KEY `workflow_resource_workgroup_id_resource_fk` (`id_resource`),
  KEY `workflow_resource_workgroup_resource_type_fk` (`resource_type`),
  KEY `workflow_resource_workgroup_id_workflow_fk` (`id_workflow`)
) ENGINE=MyISAM DEFAULT CHARSET=utf8 COLLATE=utf8_unicode_ci;
/*!40101 SET character_set_client = @saved_cs_client */;

--
-- Dumping data for table `workflow_resource_workgroup`
--

LOCK TABLES `workflow_resource_workgroup` WRITE;
/*!40000 ALTER TABLE `workflow_resource_workgroup` DISABLE KEYS */;
/*!40000 ALTER TABLE `workflow_resource_workgroup` ENABLE KEYS */;
UNLOCK TABLES;

--
-- Table structure for table `workflow_state`
--

DROP TABLE IF EXISTS `workflow_state`;
/*!40101 SET @saved_cs_client     = @@character_set_client */;
/*!50503 SET character_set_client = utf8mb4 */;
CREATE TABLE `workflow_state` (
  `id_state` int NOT NULL AUTO_INCREMENT,
  `name` varchar(255) COLLATE utf8_unicode_ci DEFAULT NULL,
  `description` mediumtext COLLATE utf8_unicode_ci,
  `id_workflow` int DEFAULT NULL,
  `is_initial_state` smallint DEFAULT '0',
  `is_required_workgroup_assigned` smallint DEFAULT '0',
  `id_icon` int DEFAULT NULL,
  `display_order` int DEFAULT '0',
  PRIMARY KEY (`id_state`),
  KEY `fk_state_id_workflow` (`id_workflow`)
) ENGINE=MyISAM DEFAULT CHARSET=utf8 COLLATE=utf8_unicode_ci;
/*!40101 SET character_set_client = @saved_cs_client */;

--
-- Dumping data for table `workflow_state`
--

LOCK TABLES `workflow_state` WRITE;
/*!40000 ALTER TABLE `workflow_state` DISABLE KEYS */;
/*!40000 ALTER TABLE `workflow_state` ENABLE KEYS */;
UNLOCK TABLES;

--
-- Table structure for table `workflow_task`
--

DROP TABLE IF EXISTS `workflow_task`;
/*!40101 SET @saved_cs_client     = @@character_set_client */;
/*!50503 SET character_set_client = utf8mb4 */;
CREATE TABLE `workflow_task` (
  `id_task` int NOT NULL AUTO_INCREMENT,
  `task_type_key` varchar(50) COLLATE utf8_unicode_ci DEFAULT NULL,
  `id_action` int NOT NULL DEFAULT '0',
  `display_order` int DEFAULT '0',
  PRIMARY KEY (`id_task`),
  KEY `task_id_action_fk` (`id_action`)
) ENGINE=MyISAM DEFAULT CHARSET=utf8 COLLATE=utf8_unicode_ci;
/*!40101 SET character_set_client = @saved_cs_client */;

--
-- Dumping data for table `workflow_task`
--

LOCK TABLES `workflow_task` WRITE;
/*!40000 ALTER TABLE `workflow_task` DISABLE KEYS */;
/*!40000 ALTER TABLE `workflow_task` ENABLE KEYS */;
UNLOCK TABLES;

--
-- Table structure for table `workflow_task_assignment_cf`
--

DROP TABLE IF EXISTS `workflow_task_assignment_cf`;
/*!40101 SET @saved_cs_client     = @@character_set_client */;
/*!50503 SET character_set_client = utf8mb4 */;
CREATE TABLE `workflow_task_assignment_cf` (
  `id_task` int NOT NULL DEFAULT '0',
  `title` varchar(255) COLLATE utf8_unicode_ci DEFAULT NULL,
  `is_multiple_owner` smallint DEFAULT '0',
  `is_notify` smallint DEFAULT '0',
  `message` varchar(255) COLLATE utf8_unicode_ci DEFAULT NULL,
  `subject` varchar(45) COLLATE utf8_unicode_ci DEFAULT NULL,
  `is_use_user_name` smallint DEFAULT '0',
  PRIMARY KEY (`id_task`)
) ENGINE=MyISAM DEFAULT CHARSET=utf8 COLLATE=utf8_unicode_ci;
/*!40101 SET character_set_client = @saved_cs_client */;

--
-- Dumping data for table `workflow_task_assignment_cf`
--

LOCK TABLES `workflow_task_assignment_cf` WRITE;
/*!40000 ALTER TABLE `workflow_task_assignment_cf` DISABLE KEYS */;
/*!40000 ALTER TABLE `workflow_task_assignment_cf` ENABLE KEYS */;
UNLOCK TABLES;

--
-- Table structure for table `workflow_task_comment_config`
--

DROP TABLE IF EXISTS `workflow_task_comment_config`;
/*!40101 SET @saved_cs_client     = @@character_set_client */;
/*!50503 SET character_set_client = utf8mb4 */;
CREATE TABLE `workflow_task_comment_config` (
  `id_task` int NOT NULL DEFAULT '0',
  `title` varchar(255) COLLATE utf8_unicode_ci DEFAULT NULL,
  `is_mandatory` smallint DEFAULT '0',
  `is_richtext` smallint DEFAULT '0',
  PRIMARY KEY (`id_task`)
) ENGINE=MyISAM DEFAULT CHARSET=utf8 COLLATE=utf8_unicode_ci;
/*!40101 SET character_set_client = @saved_cs_client */;

--
-- Dumping data for table `workflow_task_comment_config`
--

LOCK TABLES `workflow_task_comment_config` WRITE;
/*!40000 ALTER TABLE `workflow_task_comment_config` DISABLE KEYS */;
/*!40000 ALTER TABLE `workflow_task_comment_config` ENABLE KEYS */;
UNLOCK TABLES;

--
-- Table structure for table `workflow_task_comment_value`
--

DROP TABLE IF EXISTS `workflow_task_comment_value`;
/*!40101 SET @saved_cs_client     = @@character_set_client */;
/*!50503 SET character_set_client = utf8mb4 */;
CREATE TABLE `workflow_task_comment_value` (
  `id_history` int NOT NULL DEFAULT '0',
  `id_task` int NOT NULL,
  `comment_value` mediumtext COLLATE utf8_unicode_ci,
  PRIMARY KEY (`id_history`,`id_task`),
  KEY `comment_value_id_history_fk` (`id_history`),
  KEY `comment_value_id_task_fk` (`id_task`)
) ENGINE=MyISAM DEFAULT CHARSET=utf8 COLLATE=utf8_unicode_ci;
/*!40101 SET character_set_client = @saved_cs_client */;

--
-- Dumping data for table `workflow_task_comment_value`
--

LOCK TABLES `workflow_task_comment_value` WRITE;
/*!40000 ALTER TABLE `workflow_task_comment_value` DISABLE KEYS */;
/*!40000 ALTER TABLE `workflow_task_comment_value` ENABLE KEYS */;
UNLOCK TABLES;

--
-- Table structure for table `workflow_task_notification_cf`
--

DROP TABLE IF EXISTS `workflow_task_notification_cf`;
/*!40101 SET @saved_cs_client     = @@character_set_client */;
/*!50503 SET character_set_client = utf8mb4 */;
CREATE TABLE `workflow_task_notification_cf` (
  `id_task` int NOT NULL DEFAULT '0',
  `id_mailing_list` int DEFAULT NULL,
  `sender_name` varchar(255) COLLATE utf8_unicode_ci DEFAULT NULL,
  `subject` varchar(255) COLLATE utf8_unicode_ci DEFAULT NULL,
  `message` mediumtext COLLATE utf8_unicode_ci,
  PRIMARY KEY (`id_task`)
) ENGINE=MyISAM DEFAULT CHARSET=utf8 COLLATE=utf8_unicode_ci;
/*!40101 SET character_set_client = @saved_cs_client */;

--
-- Dumping data for table `workflow_task_notification_cf`
--

LOCK TABLES `workflow_task_notification_cf` WRITE;
/*!40000 ALTER TABLE `workflow_task_notification_cf` DISABLE KEYS */;
/*!40000 ALTER TABLE `workflow_task_notification_cf` ENABLE KEYS */;
UNLOCK TABLES;

--
-- Table structure for table `workflow_workflow`
--

DROP TABLE IF EXISTS `workflow_workflow`;
/*!40101 SET @saved_cs_client     = @@character_set_client */;
/*!50503 SET character_set_client = utf8mb4 */;
CREATE TABLE `workflow_workflow` (
  `id_workflow` int NOT NULL AUTO_INCREMENT,
  `name` varchar(255) COLLATE utf8_unicode_ci DEFAULT NULL,
  `description` mediumtext COLLATE utf8_unicode_ci,
  `creation_date` timestamp NOT NULL DEFAULT CURRENT_TIMESTAMP,
  `is_enabled` smallint DEFAULT '0',
  `workgroup_key` varchar(255) COLLATE utf8_unicode_ci DEFAULT NULL,
  PRIMARY KEY (`id_workflow`)
) ENGINE=MyISAM DEFAULT CHARSET=utf8 COLLATE=utf8_unicode_ci;
/*!40101 SET character_set_client = @saved_cs_client */;

--
-- Dumping data for table `workflow_workflow`
--

LOCK TABLES `workflow_workflow` WRITE;
/*!40000 ALTER TABLE `workflow_workflow` DISABLE KEYS */;
/*!40000 ALTER TABLE `workflow_workflow` ENABLE KEYS */;
UNLOCK TABLES;

--
-- Table structure for table `workflow_workgroup_cf`
--

DROP TABLE IF EXISTS `workflow_workgroup_cf`;
/*!40101 SET @saved_cs_client     = @@character_set_client */;
/*!50503 SET character_set_client = utf8mb4 */;
CREATE TABLE `workflow_workgroup_cf` (
  `id_task` int NOT NULL DEFAULT '0',
  `workgroup_key` varchar(255) COLLATE utf8_unicode_ci NOT NULL,
  `id_mailing_list` int DEFAULT NULL,
  PRIMARY KEY (`id_task`,`workgroup_key`)
) ENGINE=MyISAM DEFAULT CHARSET=utf8 COLLATE=utf8_unicode_ci;
/*!40101 SET character_set_client = @saved_cs_client */;

--
-- Dumping data for table `workflow_workgroup_cf`
--

LOCK TABLES `workflow_workgroup_cf` WRITE;
/*!40000 ALTER TABLE `workflow_workgroup_cf` DISABLE KEYS */;
/*!40000 ALTER TABLE `workflow_workgroup_cf` ENABLE KEYS */;
UNLOCK TABLES;

--
-- Table structure for table `xpageportlet_params`
--

DROP TABLE IF EXISTS `xpageportlet_params`;
/*!40101 SET @saved_cs_client     = @@character_set_client */;
/*!50503 SET character_set_client = utf8mb4 */;
CREATE TABLE `xpageportlet_params` (
  `id_portlet` int NOT NULL DEFAULT '0',
  `param_key` varchar(100) COLLATE utf8_unicode_ci NOT NULL DEFAULT '',
  `param_value` varchar(100) COLLATE utf8_unicode_ci NOT NULL DEFAULT ''
) ENGINE=MyISAM DEFAULT CHARSET=utf8 COLLATE=utf8_unicode_ci;
/*!40101 SET character_set_client = @saved_cs_client */;

--
-- Dumping data for table `xpageportlet_params`
--

LOCK TABLES `xpageportlet_params` WRITE;
/*!40000 ALTER TABLE `xpageportlet_params` DISABLE KEYS */;
/*!40000 ALTER TABLE `xpageportlet_params` ENABLE KEYS */;
UNLOCK TABLES;

--
-- Table structure for table `xpageportlet_portlet`
--

DROP TABLE IF EXISTS `xpageportlet_portlet`;
/*!40101 SET @saved_cs_client     = @@character_set_client */;
/*!50503 SET character_set_client = utf8mb4 */;
CREATE TABLE `xpageportlet_portlet` (
  `id_portlet` int NOT NULL DEFAULT '0',
  `xpage_name` varchar(255) COLLATE utf8_unicode_ci NOT NULL DEFAULT '',
  `nb_params` int NOT NULL DEFAULT '0',
  PRIMARY KEY (`id_portlet`)
) ENGINE=MyISAM DEFAULT CHARSET=utf8 COLLATE=utf8_unicode_ci;
/*!40101 SET character_set_client = @saved_cs_client */;

--
-- Dumping data for table `xpageportlet_portlet`
--

LOCK TABLES `xpageportlet_portlet` WRITE;
/*!40000 ALTER TABLE `xpageportlet_portlet` DISABLE KEYS */;
/*!40000 ALTER TABLE `xpageportlet_portlet` ENABLE KEYS */;
UNLOCK TABLES;
/*!40103 SET TIME_ZONE=@OLD_TIME_ZONE */;

/*!40101 SET SQL_MODE=@OLD_SQL_MODE */;
/*!40014 SET FOREIGN_KEY_CHECKS=@OLD_FOREIGN_KEY_CHECKS */;
/*!40014 SET UNIQUE_CHECKS=@OLD_UNIQUE_CHECKS */;
/*!40101 SET CHARACTER_SET_CLIENT=@OLD_CHARACTER_SET_CLIENT */;
/*!40101 SET CHARACTER_SET_RESULTS=@OLD_CHARACTER_SET_RESULTS */;
/*!40101 SET COLLATION_CONNECTION=@OLD_COLLATION_CONNECTION */;
/*!40111 SET SQL_NOTES=@OLD_SQL_NOTES */;

-- Dump completed on 2020-04-14 23:51:06
